-- phpMyAdmin SQL Dump
-- version 4.5.1
-- http://www.phpmyadmin.net
--
-- Host: 127.0.0.1
-- Creato il: Apr 30, 2017 alle 11:45
-- Versione del server: 10.1.19-MariaDB
-- Versione PHP: 5.6.28

SET SQL_MODE = "NO_AUTO_VALUE_ON_ZERO";
SET time_zone = "+00:00";


/*!40101 SET @OLD_CHARACTER_SET_CLIENT=@@CHARACTER_SET_CLIENT */;
/*!40101 SET @OLD_CHARACTER_SET_RESULTS=@@CHARACTER_SET_RESULTS */;
/*!40101 SET @OLD_COLLATION_CONNECTION=@@COLLATION_CONNECTION */;
/*!40101 SET NAMES utf8mb4 */;

--
-- Database: `spaceapp`
--

-- --------------------------------------------------------

--
-- Struttura della tabella `details`
--

CREATE TABLE `details` (
  `idDetail` int(11) NOT NULL,
  `damage` text,
  `solution` text,
  `quality_grade` varchar(50) DEFAULT NULL,
  `identifications_count` int(11) DEFAULT NULL
) ENGINE=InnoDB DEFAULT CHARSET=latin1;

--
-- Dump dei dati per la tabella `details`
--

INSERT INTO `details` (`idDetail`, `damage`, `solution`, `quality_grade`, `identifications_count`) VALUES
(4794206, NULL, NULL, 'research', 2),
(5097210, NULL, NULL, 'research', 2),
(5156817, NULL, NULL, 'research', 3),
(5201763, NULL, NULL, 'research', 2),
(5222701, NULL, NULL, 'research', 2),
(5385464, NULL, NULL, 'research', 2),
(5385910, NULL, NULL, 'research', 2),
(5391840, NULL, NULL, 'research', 2),
(5411418, NULL, NULL, 'research', 2),
(5411648, NULL, NULL, 'research', 2),
(5443203, NULL, NULL, 'casual', 1),
(5449420, NULL, NULL, 'research', 2),
(5535838, NULL, NULL, 'research', 2),
(5539031, NULL, NULL, 'research', 2),
(5539032, NULL, NULL, 'research', 2),
(5555918, NULL, NULL, 'casual', 3),
(5582733, NULL, NULL, 'research', 6),
(5584113, NULL, NULL, 'research', 4),
(5603224, NULL, NULL, 'research', 2),
(5607570, NULL, NULL, 'research', 2),
(5615812, NULL, NULL, 'research', 2),
(5615813, NULL, NULL, 'research', 2),
(5674259, NULL, NULL, 'research', 2),
(5674272, NULL, NULL, 'research', 3),
(5674477, NULL, NULL, 'research', 2),
(5674497, NULL, NULL, 'research', 2),
(5676345, NULL, NULL, 'needs_id', 1),
(5676934, NULL, NULL, 'research', 2),
(5679730, NULL, NULL, 'research', 2),
(5679800, NULL, NULL, 'research', 2),
(5679965, NULL, NULL, 'needs_id', 2),
(5681080, NULL, NULL, 'research', 2),
(5681907, NULL, NULL, 'research', 3),
(5681912, NULL, NULL, 'research', 3),
(5684103, NULL, NULL, 'research', 2),
(5684352, NULL, NULL, 'research', 3),
(5684353, NULL, NULL, 'research', 3),
(5684354, NULL, NULL, 'research', 3),
(5684372, NULL, NULL, 'research', 2),
(5684373, NULL, NULL, 'research', 2),
(5684374, NULL, NULL, 'research', 2),
(5684411, NULL, NULL, 'research', 2),
(5684412, NULL, NULL, 'research', 3),
(5684413, NULL, NULL, 'research', 2),
(5684414, NULL, NULL, 'research', 3),
(5684415, NULL, NULL, 'research', 3),
(5684416, NULL, NULL, 'research', 2),
(5684427, NULL, NULL, 'research', 3),
(5684428, NULL, NULL, 'research', 2),
(5684429, NULL, NULL, 'research', 2),
(5684430, NULL, NULL, 'research', 3),
(5684450, NULL, NULL, 'needs_id', 1),
(5685079, NULL, NULL, 'needs_id', 3),
(5688979, NULL, NULL, 'needs_id', 1),
(5688980, NULL, NULL, 'needs_id', 1),
(5689618, NULL, NULL, 'research', 2),
(5690698, NULL, NULL, 'research', 3),
(5692472, NULL, NULL, 'research', 3),
(5695641, NULL, NULL, 'research', 2),
(5697135, NULL, NULL, 'needs_id', 2),
(5701024, NULL, NULL, 'research', 2),
(5701209, NULL, NULL, 'research', 2),
(5709732, NULL, NULL, 'research', 2),
(5710964, NULL, NULL, 'research', 3),
(5711209, NULL, NULL, 'needs_id', 1),
(5711348, NULL, NULL, 'research', 2),
(5711425, NULL, NULL, 'needs_id', 1),
(5711840, NULL, NULL, 'research', 2),
(5714851, NULL, NULL, 'needs_id', 1),
(5715665, NULL, NULL, 'research', 2),
(5717071, NULL, NULL, 'research', 2),
(5717195, NULL, NULL, 'research', 3),
(5729139, NULL, NULL, 'needs_id', 1),
(5729379, NULL, NULL, 'needs_id', 1),
(5731441, NULL, NULL, 'research', 2),
(5731605, NULL, NULL, 'needs_id', 1),
(5732408, NULL, NULL, 'research', 4),
(5739730, NULL, NULL, 'research', 2),
(5739750, NULL, NULL, 'research', 2),
(5739802, NULL, NULL, 'needs_id', 1),
(5739852, NULL, NULL, 'research', 2),
(5741939, NULL, NULL, 'research', 2),
(5741941, NULL, NULL, 'research', 2),
(5744629, NULL, NULL, 'research', 2),
(5748415, NULL, NULL, 'needs_id', 1),
(5754958, NULL, NULL, 'research', 3),
(5759118, NULL, NULL, 'research', 6),
(5760484, NULL, NULL, 'research', 2),
(5761752, NULL, NULL, 'research', 2),
(5763144, NULL, NULL, 'research', 2),
(5770919, NULL, NULL, 'research', 2),
(5771479, NULL, NULL, 'needs_id', 1),
(5778997, NULL, NULL, 'needs_id', 4),
(5778998, NULL, NULL, 'research', 3),
(5779000, NULL, NULL, 'research', 2),
(5779346, NULL, NULL, 'research', 3),
(5779347, NULL, NULL, 'research', 2),
(5779349, NULL, NULL, 'research', 2),
(5779996, NULL, NULL, 'research', 2),
(5781075, NULL, NULL, 'research', 2),
(5782426, NULL, NULL, 'needs_id', 2),
(5787573, NULL, NULL, 'research', 2),
(5788266, NULL, NULL, 'research', 2),
(5788886, NULL, NULL, 'research', 2),
(5800820, NULL, NULL, 'needs_id', 1),
(5802568, NULL, NULL, 'research', 2),
(5805082, NULL, NULL, 'needs_id', 1),
(5805089, NULL, NULL, 'needs_id', 1),
(5805090, NULL, NULL, 'needs_id', 1),
(5805091, NULL, NULL, 'needs_id', 3),
(5805092, NULL, NULL, 'needs_id', 1),
(5805093, NULL, NULL, 'needs_id', 1),
(5805414, NULL, NULL, 'research', 2),
(5806136, NULL, NULL, 'research', 3),
(5807960, NULL, NULL, 'research', 4),
(5809474, NULL, NULL, 'needs_id', 1),
(5809735, NULL, NULL, 'research', 2),
(5809902, NULL, NULL, 'research', 3),
(5811375, NULL, NULL, 'research', 3),
(5811664, NULL, NULL, 'needs_id', 1),
(5811801, NULL, NULL, 'needs_id', 2),
(5812291, NULL, NULL, 'research', 3),
(5813500, NULL, NULL, 'research', 4),
(5816538, NULL, NULL, 'needs_id', 1),
(5819024, NULL, NULL, 'research', 2),
(5819833, NULL, NULL, 'research', 2),
(5825505, NULL, NULL, 'needs_id', 2),
(5830112, NULL, NULL, 'research', 3),
(5830570, NULL, NULL, 'research', 2),
(5830738, NULL, NULL, 'research', 2),
(5831291, NULL, NULL, 'research', 3),
(5843079, NULL, NULL, 'research', 2),
(5843468, NULL, NULL, 'research', 2),
(5844727, NULL, NULL, 'needs_id', 1),
(5851739, NULL, NULL, 'research', 2),
(5851951, NULL, NULL, 'research', 2),
(5856154, NULL, NULL, 'research', 3),
(5856809, NULL, NULL, 'research', 2),
(5862497, NULL, NULL, 'research', 3),
(5862686, NULL, NULL, 'research', 3),
(5862729, NULL, NULL, 'research', 2),
(5863166, NULL, NULL, 'research', 2),
(5863167, NULL, NULL, 'needs_id', 1),
(5863168, NULL, NULL, 'research', 2),
(5863169, NULL, NULL, 'research', 2),
(5863171, NULL, NULL, 'research', 2),
(5865100, NULL, NULL, 'research', 2),
(5868870, NULL, NULL, 'needs_id', 1),
(5869860, NULL, NULL, 'casual', 1),
(5871074, NULL, NULL, 'research', 2),
(5873536, NULL, NULL, 'research', 2),
(5873560, NULL, NULL, 'needs_id', 1),
(5876618, NULL, NULL, 'research', 2),
(5876869, NULL, NULL, 'research', 2),
(5878981, NULL, NULL, 'needs_id', 1),
(5879053, NULL, NULL, 'research', 3),
(5881123, NULL, NULL, 'research', 2),
(5883288, NULL, NULL, 'needs_id', 3),
(5883302, NULL, NULL, 'research', 2),
(5884618, NULL, NULL, 'research', 3),
(5887532, NULL, NULL, 'research', 2),
(5887647, NULL, NULL, 'needs_id', 2),
(5888169, NULL, NULL, 'research', 2),
(5888561, NULL, NULL, 'research', 2),
(5888710, NULL, NULL, 'needs_id', 1),
(5888992, NULL, NULL, 'casual', 1),
(5889749, NULL, NULL, 'research', 2),
(5890297, NULL, NULL, 'needs_id', 2),
(5890501, NULL, NULL, 'casual', 1),
(5894005, NULL, NULL, 'casual', 1),
(5895586, NULL, NULL, 'needs_id', 1),
(5896905, NULL, NULL, 'needs_id', 1),
(5898370, NULL, NULL, 'research', 2),
(5898406, 'Cimici', 'Ammoniaca', NULL, NULL),
(5898407, 'Cimici', 'Ammoniaca', NULL, NULL),
(5898408, 'Cosa', 'Accidile', NULL, NULL),
(5898409, '', '', NULL, NULL),
(5898410, '', '', NULL, NULL),
(5898411, '', '', NULL, NULL),
(5898412, '', '', NULL, NULL),
(5898413, '', '', NULL, NULL),
(5898414, '', '', NULL, NULL),
(5898415, '', '', NULL, NULL),
(5898416, 'aaa', '', NULL, NULL),
(5898417, '', '', NULL, NULL),
(5898418, 'Big stomrs of this species have flown on this area. My crops are in dangerous.', 'I tried some scarecrows but they are too much, maybe increasing the number will solve the problem', NULL, NULL),
(5904484, NULL, NULL, 'research', 2),
(5904599, NULL, NULL, 'research', 2),
(5906097, NULL, NULL, 'research', 2),
(5907025, NULL, NULL, 'research', 2),
(5907264, NULL, NULL, 'needs_id', 3),
(5907427, NULL, NULL, 'research', 2),
(5907428, NULL, NULL, 'needs_id', 2),
(5907429, NULL, NULL, 'needs_id', 1),
(5911573, NULL, NULL, 'needs_id', 2),
(5912241, NULL, NULL, 'needs_id', 1),
(5912648, NULL, NULL, 'research', 2),
(5915045, NULL, NULL, 'casual', 1),
(5917374, NULL, NULL, 'needs_id', 1),
(5917636, NULL, NULL, 'needs_id', 1),
(5919634, NULL, NULL, 'research', 2),
(5919635, NULL, NULL, 'research', 2),
(5919636, NULL, NULL, 'research', 2),
(5919637, NULL, NULL, 'needs_id', 1),
(5919638, NULL, NULL, 'needs_id', 1),
(5919639, NULL, NULL, 'needs_id', 1),
(5919640, NULL, NULL, 'needs_id', 1),
(5919641, NULL, NULL, 'needs_id', 4),
(5919729, NULL, NULL, 'research', 2),
(5920573, NULL, NULL, 'research', 2),
(5921585, NULL, NULL, 'research', 2),
(5921898, NULL, NULL, 'research', 2),
(5921907, NULL, NULL, 'needs_id', 1),
(5921919, NULL, NULL, 'research', 3),
(5921940, NULL, NULL, 'research', 2),
(5921943, NULL, NULL, 'research', 2),
(5924969, NULL, NULL, 'research', 2),
(5926350, NULL, NULL, 'research', 2),
(5926393, NULL, NULL, 'research', 2),
(5929806, NULL, NULL, 'needs_id', 2),
(5931237, NULL, NULL, 'needs_id', 1),
(5932334, NULL, NULL, 'needs_id', 2),
(5932718, NULL, NULL, 'research', 2),
(5933142, NULL, NULL, 'research', 2),
(5933338, NULL, NULL, 'research', 2),
(5933478, NULL, NULL, 'research', 3),
(5933878, NULL, NULL, 'research', 3),
(5934087, NULL, NULL, 'needs_id', 1),
(5934098, NULL, NULL, 'research', 3),
(5934129, NULL, NULL, 'research', 2),
(5935389, NULL, NULL, 'needs_id', 1),
(5935447, NULL, NULL, 'research', 5),
(5936199, NULL, NULL, 'casual', 1),
(5936202, NULL, NULL, 'research', 2),
(5936251, NULL, NULL, 'research', 2),
(5936353, NULL, NULL, 'research', 2),
(5936704, NULL, NULL, 'research', 4),
(5938454, NULL, NULL, 'research', 3),
(5939452, NULL, NULL, 'research', 2),
(5940386, NULL, NULL, 'research', 2),
(5940497, NULL, NULL, 'research', 2),
(5941311, NULL, NULL, 'research', 4),
(5944891, NULL, NULL, 'needs_id', 1),
(5947005, NULL, NULL, 'research', 2),
(5947081, NULL, NULL, 'research', 3),
(5947196, NULL, NULL, 'needs_id', 2),
(5951297, NULL, NULL, 'research', 2),
(5952217, NULL, NULL, 'research', 2),
(5952270, NULL, NULL, 'research', 3),
(5955237, NULL, NULL, 'needs_id', 2),
(5955239, NULL, NULL, 'needs_id', 1),
(5955241, NULL, NULL, 'needs_id', 2),
(5955242, NULL, NULL, 'needs_id', 1),
(5955243, NULL, NULL, 'needs_id', 2),
(5955244, NULL, NULL, 'needs_id', 2),
(5955649, NULL, NULL, 'research', 4),
(5955953, NULL, NULL, 'needs_id', 2),
(5956108, NULL, NULL, 'research', 2),
(5956521, NULL, NULL, 'needs_id', 1),
(5957670, NULL, NULL, 'research', 2),
(5957747, NULL, NULL, 'needs_id', 1),
(5957748, NULL, NULL, 'needs_id', 1),
(5957749, NULL, NULL, 'needs_id', 1),
(5957751, NULL, NULL, 'needs_id', 1),
(5957753, NULL, NULL, 'needs_id', 1),
(5957754, NULL, NULL, 'needs_id', 1),
(5957755, NULL, NULL, 'needs_id', 1),
(5957759, NULL, NULL, 'needs_id', 1),
(5957761, NULL, NULL, 'needs_id', 1),
(5957762, NULL, NULL, 'needs_id', 1),
(5957763, NULL, NULL, 'needs_id', 1),
(5957766, NULL, NULL, 'needs_id', 1),
(5957767, NULL, NULL, 'needs_id', 1),
(5957768, NULL, NULL, 'needs_id', 1),
(5957769, NULL, NULL, 'needs_id', 1),
(5957898, NULL, NULL, 'needs_id', 1),
(5957899, NULL, NULL, 'needs_id', 1),
(5957900, NULL, NULL, 'needs_id', 1),
(5957902, NULL, NULL, 'needs_id', 1),
(5957904, NULL, NULL, 'needs_id', 1),
(5957905, NULL, NULL, 'needs_id', 1),
(5957908, NULL, NULL, 'needs_id', 1),
(5957911, NULL, NULL, 'needs_id', 1),
(5957915, NULL, NULL, 'needs_id', 1),
(5957918, NULL, NULL, 'needs_id', 1),
(5957924, NULL, NULL, 'needs_id', 1),
(5957925, NULL, NULL, 'needs_id', 1),
(5957926, NULL, NULL, 'needs_id', 1),
(5957929, NULL, NULL, 'needs_id', 1),
(5957930, NULL, NULL, 'needs_id', 1),
(5957933, NULL, NULL, 'needs_id', 1),
(5957936, NULL, NULL, 'needs_id', 1),
(5957937, NULL, NULL, 'needs_id', 1),
(5957938, NULL, NULL, 'needs_id', 2),
(5957940, NULL, NULL, 'needs_id', 1),
(5957943, NULL, NULL, 'needs_id', 1),
(5957945, NULL, NULL, 'needs_id', 1),
(5957953, NULL, NULL, 'needs_id', 1),
(5958332, NULL, NULL, 'needs_id', 1),
(5958333, NULL, NULL, 'needs_id', 1),
(5958335, NULL, NULL, 'needs_id', 1),
(5958336, NULL, NULL, 'needs_id', 1),
(5958338, NULL, NULL, 'needs_id', 1),
(5958340, NULL, NULL, 'needs_id', 1),
(5958341, NULL, NULL, 'needs_id', 1),
(5958342, NULL, NULL, 'needs_id', 1),
(5958345, NULL, NULL, 'needs_id', 1),
(5958347, NULL, NULL, 'needs_id', 1),
(5958348, NULL, NULL, 'needs_id', 1),
(5958350, NULL, NULL, 'needs_id', 1),
(5958352, NULL, NULL, 'needs_id', 1),
(5958353, NULL, NULL, 'needs_id', 1),
(5958354, NULL, NULL, 'needs_id', 1),
(5958358, NULL, NULL, 'needs_id', 1),
(5958621, NULL, NULL, 'needs_id', 1),
(5958622, NULL, NULL, 'needs_id', 1),
(5958797, NULL, NULL, 'research', 2),
(5959123, NULL, NULL, 'needs_id', 2),
(5959770, NULL, NULL, 'research', 2),
(5959881, NULL, NULL, 'research', 2),
(5960207, NULL, NULL, 'research', 3),
(5960234, NULL, NULL, 'research', 2),
(5960554, NULL, NULL, 'research', 2),
(5961193, NULL, NULL, 'research', 3),
(5961207, NULL, NULL, 'research', 3),
(5963049, NULL, NULL, 'needs_id', 2),
(5965772, NULL, NULL, 'casual', 1),
(5965773, NULL, NULL, 'casual', 1),
(5966612, NULL, NULL, 'needs_id', 2),
(5967583, NULL, NULL, 'research', 2),
(5969500, NULL, NULL, 'needs_id', 3),
(5970504, NULL, NULL, 'research', 2),
(5970563, NULL, NULL, 'research', 2),
(5972279, NULL, NULL, 'research', 2),
(5972934, NULL, NULL, 'needs_id', 5),
(5973795, NULL, NULL, 'research', 2),
(5973827, NULL, NULL, 'needs_id', 1),
(5973957, NULL, NULL, 'research', 4),
(5974025, NULL, NULL, 'research', 4),
(5977835, NULL, NULL, 'research', 2),
(5982620, NULL, NULL, 'needs_id', 1),
(5983363, NULL, NULL, 'research', 2),
(5983981, NULL, NULL, 'research', 3),
(5985152, NULL, NULL, 'needs_id', 1),
(5985431, NULL, NULL, 'needs_id', 3),
(5985870, NULL, NULL, 'research', 2),
(5986876, NULL, NULL, 'research', 3),
(5992002, NULL, NULL, 'research', 4),
(5993327, NULL, NULL, 'needs_id', 2),
(5995034, NULL, NULL, 'research', 2),
(5995060, NULL, NULL, 'research', 2),
(5995132, NULL, NULL, 'research', 2),
(5995337, NULL, NULL, 'needs_id', 1),
(5995478, NULL, NULL, 'research', 2),
(5995541, NULL, NULL, 'research', 3),
(5995548, NULL, NULL, 'research', 3),
(5996461, NULL, NULL, 'needs_id', 1),
(5996743, NULL, NULL, 'research', 3),
(5996745, NULL, NULL, 'research', 3),
(5996746, NULL, NULL, 'needs_id', 1),
(5996747, NULL, NULL, 'needs_id', 2),
(5996749, NULL, NULL, 'needs_id', 1),
(5996750, NULL, NULL, 'needs_id', 2),
(5998315, NULL, NULL, 'needs_id', 1),
(5999058, NULL, NULL, 'needs_id', 1),
(5999185, NULL, NULL, 'research', 2),
(5999189, NULL, NULL, 'needs_id', 1),
(5999313, NULL, NULL, 'research', 2),
(5999572, NULL, NULL, 'research', 2),
(6002103, NULL, NULL, 'research', 2),
(6002137, NULL, NULL, 'research', 2),
(6002150, NULL, NULL, 'needs_id', 4),
(6003471, NULL, NULL, 'needs_id', 1),
(6003474, NULL, NULL, 'needs_id', 1),
(6003475, NULL, NULL, 'needs_id', 1),
(6003476, NULL, NULL, 'needs_id', 1),
(6003477, NULL, NULL, 'needs_id', 1),
(6003478, NULL, NULL, 'needs_id', 1),
(6003479, NULL, NULL, 'needs_id', 1),
(6003704, NULL, NULL, 'needs_id', 1),
(6003845, NULL, NULL, 'needs_id', 1),
(6004501, NULL, NULL, 'needs_id', 1),
(6006257, NULL, NULL, 'needs_id', 1),
(6008879, NULL, NULL, 'needs_id', 1),
(6010721, NULL, NULL, 'needs_id', 1),
(6010726, NULL, NULL, 'needs_id', 1),
(6010739, NULL, NULL, 'needs_id', 1),
(6010874, NULL, NULL, 'needs_id', 1),
(6010888, NULL, NULL, 'research', 3),
(6010889, NULL, NULL, 'needs_id', 1),
(6010977, NULL, NULL, 'needs_id', 1),
(6012597, NULL, NULL, 'research', 3),
(6014752, NULL, NULL, 'needs_id', 1),
(6016755, NULL, NULL, 'research', 2),
(6019092, NULL, NULL, 'needs_id', 1),
(6019111, NULL, NULL, 'needs_id', 2),
(6019667, NULL, NULL, 'needs_id', 2),
(6019668, 'Cropa damaged', 'Scarecrows', NULL, NULL);

-- --------------------------------------------------------

--
-- Struttura della tabella `guessedspecies`
--

CREATE TABLE `guessedspecies` (
  `url` varchar(255) NOT NULL,
  `email` varchar(50) NOT NULL,
  `idTaxon` int(11) NOT NULL
) ENGINE=InnoDB DEFAULT CHARSET=latin1;

-- --------------------------------------------------------

--
-- Struttura della tabella `images`
--

CREATE TABLE `images` (
  `url` varchar(255) NOT NULL,
  `idReport` int(11) NOT NULL
) ENGINE=InnoDB DEFAULT CHARSET=latin1;

--
-- Dump dei dati per la tabella `images`
--

INSERT INTO `images` (`url`, `idReport`) VALUES
('http://i.imgur.com/ZOTYhdq.png', 5898407),
('', 5898408),
('http://i.imgur.com/ju86aBM.png', 5898416),
('http://i.imgur.com/Tax1OcV.jpg', 5898417),
('http://i.imgur.com/eu3L4dy.jpg', 5898418);

-- --------------------------------------------------------

--
-- Struttura della tabella `reports`
--

CREATE TABLE `reports` (
  `idReport` int(11) NOT NULL,
  `locationX` float NOT NULL,
  `locationY` float NOT NULL,
  `timestamp` datetime NOT NULL,
  `trust` int(11) NOT NULL,
  `email` varchar(255) NOT NULL,
  `idTaxon` int(11) NOT NULL
) ENGINE=InnoDB DEFAULT CHARSET=latin1;

--
-- Dump dei dati per la tabella `reports`
--

INSERT INTO `reports` (`idReport`, `locationX`, `locationY`, `timestamp`, `trust`, `email`, `idTaxon`) VALUES
(4794206, 44.7327, 7.10609, '2016-08-05 10:34:00', 5, 'prova@prova.com', 487757),
(5097210, 31.8172, -109.119, '2016-07-25 13:57:00', 5, 'prova@prova.com', 135008),
(5156817, 49.1958, -114.138, '2016-07-01 20:05:07', 5, 'prova@prova.com', 126220),
(5201763, -14.0931, -72.0256, '2016-07-13 16:32:00', 5, 'prova@prova.com', 85402),
(5222701, 25.503, -76.626, '2016-07-05 15:37:00', 5, 'prova@prova.com', 93312),
(5385464, 49.0024, -113.834, '2016-07-10 18:51:27', 5, 'prova@prova.com', 50712),
(5385910, 49.0286, -113.957, '2016-07-27 14:52:37', 5, 'prova@prova.com', 59524),
(5391840, 41.4054, -87.3415, '2016-06-14 22:54:34', 5, 'prova@prova.com', 106653),
(5411418, 41.6527, -69.9664, '2016-06-22 19:22:00', 5, 'prova@prova.com', 3845),
(5411648, 41.628, -69.883, '2016-06-01 20:32:00', 5, 'prova@prova.com', 3845),
(5443203, 41.6454, -84.8166, '2016-07-03 19:45:00', 5, 'prova@prova.com', 116999),
(5449420, 26.5157, 127.81, '2016-07-30 09:16:00', 5, 'prova@prova.com', 39659),
(5535838, 41.7867, -86.8925, '2016-06-11 18:52:38', 5, 'prova@prova.com', 52651),
(5539031, 38.8089, -77.1066, '2016-06-15 21:40:00', 5, 'prova@prova.com', 128487),
(5539032, 38.95, -77.1749, '2016-06-15 23:01:00', 5, 'prova@prova.com', 58657),
(5555918, 32.7206, -117.34, '2016-07-09 19:44:00', 5, 'prova@prova.com', 75759),
(5582733, 39.9458, -74.0695, '2016-06-19 21:24:10', 5, 'prova@prova.com', 50001),
(5584113, 38.6812, -9.01646, '2016-07-30 05:48:00', 5, 'prova@prova.com', 4981),
(5603224, 41.8586, -70.1863, '2016-07-22 18:48:00', 5, 'prova@prova.com', 48302),
(5607570, 41.9914, -70.1539, '2016-07-21 14:35:00', 5, 'prova@prova.com', 5305),
(5615812, 41.9193, -70.1582, '2016-07-19 17:07:00', 5, 'prova@prova.com', 4798),
(5615813, 41.8223, -70.0808, '2016-07-19 17:09:00', 5, 'prova@prova.com', 4798),
(5674259, 40.1711, -105.297, '2016-05-26 16:12:00', 5, 'prova@prova.com', 10411),
(5674272, 40.0452, -105.185, '2016-05-20 14:40:00', 5, 'prova@prova.com', 9744),
(5674477, 40.1545, -105.299, '2016-05-26 14:35:00', 5, 'prova@prova.com', 10479),
(5674497, 39.9824, -105.216, '2016-05-29 15:58:00', 5, 'prova@prova.com', 9981),
(5676345, 36.0528, -86.8937, '2016-05-09 17:31:07', 5, 'prova@prova.com', 82110),
(5676934, 40.1503, -75.4471, '2016-05-12 19:22:16', 5, 'prova@prova.com', 39682),
(5679730, 44.4582, -77.6261, '2016-05-13 14:23:07', 5, 'prova@prova.com', 76451),
(5679800, 36.0835, -86.8664, '2016-05-28 21:23:03', 5, 'prova@prova.com', 4999),
(5679965, 36.667, -121.877, '2016-05-14 09:11:00', 5, 'prova@prova.com', 48220),
(5681080, 33.7792, -118.425, '2016-05-23 13:36:00', 5, 'prova@prova.com', 130177),
(5681907, 29.7111, -98.1325, '2016-05-28 00:38:00', 5, 'prova@prova.com', 7107),
(5681912, 29.7111, -98.1325, '2016-05-27 19:50:00', 5, 'prova@prova.com', 7107),
(5684103, 40.0263, -105.369, '2016-05-15 05:20:00', 5, 'prova@prova.com', 5305),
(5684352, 37.8324, -122.491, '2016-05-31 01:06:00', 5, 'prova@prova.com', 9176),
(5684353, 37.8324, -122.491, '2016-05-31 01:14:00', 5, 'prova@prova.com', 1409),
(5684354, 37.8324, -122.491, '2016-05-31 01:34:00', 5, 'prova@prova.com', 43112),
(5684372, 37.4417, -122.348, '2016-05-28 22:32:00', 5, 'prova@prova.com', 57157),
(5684373, 37.4417, -122.348, '2016-05-28 23:30:00', 5, 'prova@prova.com', 50892),
(5684374, 37.4417, -122.348, '2016-05-29 01:31:00', 5, 'prova@prova.com', 8234),
(5684411, 37.4707, -122.283, '2016-05-22 20:21:00', 5, 'prova@prova.com', 6317),
(5684412, 37.4707, -122.283, '2016-05-22 20:19:00', 5, 'prova@prova.com', 6317),
(5684413, 37.4707, -122.283, '2016-05-22 21:03:00', 5, 'prova@prova.com', 506118),
(5684414, 37.4707, -122.283, '2016-05-22 21:39:00', 5, 'prova@prova.com', 64330),
(5684415, 37.4707, -122.283, '2016-05-22 21:42:00', 5, 'prova@prova.com', 50632),
(5684416, 37.3377, -121.886, '2016-05-23 00:46:00', 5, 'prova@prova.com', 4647),
(5684427, 37.472, -122.283, '2016-05-08 23:17:00', 5, 'prova@prova.com', 145308),
(5684428, 37.472, -122.283, '2016-05-09 00:42:00', 5, 'prova@prova.com', 12937),
(5684429, 37.472, -122.283, '2016-05-09 00:43:00', 5, 'prova@prova.com', 12937),
(5684430, 37.472, -122.283, '2016-05-09 01:40:00', 5, 'prova@prova.com', 42220),
(5684450, 37.4725, -122.28, '2016-05-01 21:17:00', 5, 'prova@prova.com', 51085),
(5685079, 7.51437, 80.5855, '2016-05-22 17:59:00', 5, 'prova@prova.com', 196580),
(5688979, 44.2048, -72.588, '2016-05-07 12:29:00', 5, 'prova@prova.com', 47157),
(5688980, 44.3255, -72.4983, '2016-05-18 20:22:00', 5, 'prova@prova.com', 47157),
(5689618, 48.2473, -114.179, '2016-05-18 00:18:00', 5, 'prova@prova.com', 39773),
(5690698, 36.0704, -86.8781, '2016-05-03 13:28:22', 5, 'prova@prova.com', 19893),
(5692472, 44.1751, -122.164, '2016-05-20 00:14:04', 5, 'prova@prova.com', 49463),
(5695641, 42.9014, -115.727, '2016-05-06 04:39:00', 5, 'prova@prova.com', 57152),
(5697135, 33.8858, -96.788, '2016-05-29 17:33:00', 5, 'prova@prova.com', 48011),
(5701024, 40.1763, -105.296, '2016-05-26 16:29:00', 5, 'prova@prova.com', 8234),
(5701209, 40.0454, -105.19, '2016-05-22 19:47:00', 5, 'prova@prova.com', 11935),
(5709732, 41.6661, -80.2767, '2016-05-12 12:13:00', 5, 'prova@prova.com', 66012),
(5710964, 32.7687, -97.6735, '2016-05-07 21:12:47', 5, 'prova@prova.com', 29200),
(5711209, 32.3768, -96.6092, '2016-05-08 03:54:08', 5, 'prova@prova.com', 53197),
(5711348, 19.6912, -104.138, '2016-05-08 18:55:00', 5, 'prova@prova.com', 2552),
(5711425, 34.1366, -118.294, '2016-05-21 10:06:00', 5, 'prova@prova.com', 47204),
(5711840, 19.7246, -104.031, '2016-05-08 17:22:00', 5, 'prova@prova.com', 4239),
(5714851, 7.87305, 80.7718, '2016-05-22 18:06:00', 5, 'prova@prova.com', 47157),
(5715665, -18.1874, 125.572, '2016-05-20 00:43:00', 5, 'prova@prova.com', 8493),
(5717071, 35.7786, -78.6368, '2016-05-08 17:14:27', 5, 'prova@prova.com', 36514),
(5717195, 35.7093, -78.7514, '2016-05-24 23:01:33', 5, 'prova@prova.com', 73788),
(5729139, 35.8539, -86.3031, '2016-05-09 14:13:04', 5, 'prova@prova.com', 81796),
(5729379, 35.8542, -86.3033, '2016-05-19 21:46:09', 5, 'prova@prova.com', 129557),
(5731441, 46.0213, 11.1823, '2016-05-07 08:41:00', 5, 'prova@prova.com', 42347),
(5731605, 30.7284, -98.3702, '2016-05-22 00:14:51', 5, 'prova@prova.com', 1985),
(5732408, 46.3746, 16.8045, '2016-05-11 11:37:21', 5, 'prova@prova.com', 24495),
(5739730, 39.9137, -75.679, '2016-05-16 18:08:00', 5, 'prova@prova.com', 53197),
(5739750, 39.9124, -75.6816, '2016-05-16 18:10:00', 5, 'prova@prova.com', 47726),
(5739802, 39.9133, -75.6804, '2016-05-26 13:11:00', 5, 'prova@prova.com', 83156),
(5739852, 39.9133, -75.6801, '2016-05-26 13:15:00', 5, 'prova@prova.com', 53789),
(5741939, 41.275, -72.73, '2016-05-07 12:39:00', 5, 'prova@prova.com', 128040),
(5741941, 41.275, -72.73, '2016-05-07 11:47:00', 5, 'prova@prova.com', 59980),
(5744629, 51.1793, -114.137, '2016-05-27 23:24:00', 5, 'prova@prova.com', 20307),
(5748415, 50.6681, -114.585, '2016-05-23 21:19:00', 5, 'prova@prova.com', 1241),
(5754958, 30.5974, -96.6989, '2016-05-11 18:14:16', 5, 'prova@prova.com', 333705),
(5759118, 45.1073, 7.14322, '2016-05-18 20:42:00', 5, 'prova@prova.com', 54468),
(5760484, 32.8281, -96.7253, '2016-05-03 13:35:00', 5, 'prova@prova.com', 145310),
(5761752, 42.6929, -112.287, '2016-05-01 22:41:36', 5, 'prova@prova.com', 28362),
(5763144, 43.5377, -116.2, '2016-05-26 02:47:00', 5, 'prova@prova.com', 26754),
(5770919, 34.1788, -118.672, '2016-05-15 21:38:19', 5, 'prova@prova.com', 29044),
(5771479, 30.1407, -97.175, '2016-05-21 02:57:00', 5, 'prova@prova.com', 47167),
(5778997, 33.1972, -96.6398, '2016-05-28 17:46:00', 5, 'prova@prova.com', 13858),
(5778998, 33.1972, -96.6398, '2016-05-28 17:59:00', 5, 'prova@prova.com', 3454),
(5779000, 33.1972, -96.6398, '2016-05-28 17:49:00', 5, 'prova@prova.com', 12942),
(5779346, 33.2732, -96.6841, '2016-05-14 22:43:00', 5, 'prova@prova.com', 12942),
(5779347, 33.2732, -96.6841, '2016-05-14 22:42:00', 5, 'prova@prova.com', 9083),
(5779349, 33.2732, -96.6841, '2016-05-14 22:46:00', 5, 'prova@prova.com', 18205),
(5779996, 30.1398, -97.1755, '2016-05-07 20:40:00', 5, 'prova@prova.com', 415099),
(5781075, 46.6877, -84.454, '2016-05-13 20:05:00', 5, 'prova@prova.com', 63820),
(5782426, 33.92, -118.142, '2016-05-05 21:14:54', 5, 'prova@prova.com', 13881),
(5787573, 18.1268, -87.9933, '2016-07-20 16:27:10', 5, 'prova@prova.com', 39659),
(5788266, 32.9234, -96.7304, '2016-05-03 14:30:00', 5, 'prova@prova.com', 7089),
(5788886, 39.0144, -76.9557, '2016-05-27 23:28:00', 5, 'prova@prova.com', 83799),
(5800820, 43.8441, -110.611, '2016-05-08 19:02:08', 5, 'prova@prova.com', 46175),
(5802568, 40.1579, -105.3, '2016-05-26 14:12:00', 5, 'prova@prova.com', 906),
(5805082, 30.1398, -97.1758, '2016-05-12 04:40:00', 5, 'prova@prova.com', 47903),
(5805089, 30.1403, -97.1747, '2016-05-21 03:04:00', 5, 'prova@prova.com', 47170),
(5805090, 30.1406, -97.1751, '2016-05-21 02:52:00', 5, 'prova@prova.com', 47126),
(5805091, 30.1398, -97.1754, '2016-05-21 04:13:00', 5, 'prova@prova.com', 48427),
(5805092, 30.1401, -97.1755, '2016-05-21 04:16:00', 5, 'prova@prova.com', 47167),
(5805093, 30.1398, -97.1753, '2016-06-01 05:44:00', 5, 'prova@prova.com', 47170),
(5805414, 33.9436, -97.1174, '2016-05-28 18:36:00', 5, 'prova@prova.com', 118552),
(5806136, 42.3663, -71.2596, '2016-05-11 19:39:00', 5, 'prova@prova.com', 60780),
(5807960, 44.4244, -123.305, '2016-05-10 01:14:00', 5, 'prova@prova.com', 543559),
(5809474, 33.937, -97.1167, '2016-05-28 17:43:00', 5, 'prova@prova.com', 64119),
(5809735, 44.6407, -123.294, '2016-05-11 02:25:00', 5, 'prova@prova.com', 55483),
(5809902, 44.6383, -123.315, '2016-05-12 18:55:00', 5, 'prova@prova.com', 77780),
(5811375, 44.6341, -123.316, '2016-05-12 19:05:00', 5, 'prova@prova.com', 52996),
(5811664, 34.1958, -118.659, '2016-05-16 23:59:48', 5, 'prova@prova.com', 53897),
(5811801, -38.1764, 176.092, '2016-05-01 02:10:00', 5, 'prova@prova.com', 47167),
(5812291, 44.6345, -123.313, '2016-05-12 19:43:00', 5, 'prova@prova.com', 77832),
(5813500, 44.6091, -123.279, '2016-05-05 17:35:00', 5, 'prova@prova.com', 50708),
(5816538, -33.9538, 151.082, '2016-05-17 00:46:00', 5, 'prova@prova.com', 83843),
(5819024, 32.9235, -96.7303, '2016-05-03 14:29:00', 5, 'prova@prova.com', 7089),
(5819833, 42.5244, -83.9426, '2016-05-31 14:25:00', 5, 'prova@prova.com', 52651),
(5825505, 41.1399, -81.5758, '2016-05-17 15:01:00', 5, 'prova@prova.com', 46210),
(5830112, 32.89, -96.9499, '2016-05-02 20:19:00', 5, 'prova@prova.com', 144455),
(5830570, 32.8899, -96.95, '2016-05-10 20:36:00', 5, 'prova@prova.com', 144814),
(5830738, 32.8899, -96.95, '2016-05-04 20:38:00', 5, 'prova@prova.com', 8229),
(5831291, 30.1038, -97.977, '2016-05-21 21:08:44', 5, 'prova@prova.com', 4265),
(5843079, -8.76933, 115.374, '2016-05-06 01:01:00', 5, 'prova@prova.com', 117152),
(5843468, -8.70041, 115.263, '2016-05-14 09:37:00', 5, 'prova@prova.com', 116834),
(5844727, 37.8498, -122.219, '2016-05-15 00:50:13', 5, 'prova@prova.com', 32064),
(5851739, 18.0017, -88.5286, '2016-07-25 15:16:41', 5, 'prova@prova.com', 43411),
(5851951, 32.9228, -96.7304, '2016-05-03 14:29:00', 5, 'prova@prova.com', 7089),
(5856154, 35.7047, -117.664, '2016-05-29 20:05:00', 5, 'prova@prova.com', 20307),
(5856809, 31.5009, -81.2547, '2016-05-18 15:20:33', 5, 'prova@prova.com', 68229),
(5862497, 43.3421, -80.1424, '2016-05-28 13:05:00', 5, 'prova@prova.com', 122381),
(5862686, 40.0831, -105.256, '2016-05-29 18:09:00', 5, 'prova@prova.com', 18236),
(5862729, 40.044, -105.188, '2016-05-22 18:20:00', 5, 'prova@prova.com', 145238),
(5863166, 38.9023, -77.143, '2016-05-20 14:15:00', 5, 'prova@prova.com', 4765),
(5863167, 38.8967, -77.063, '2016-05-20 13:51:00', 5, 'prova@prova.com', 28850),
(5863168, 38.8967, -77.063, '2016-05-10 15:35:00', 5, 'prova@prova.com', 53582),
(5863169, 38.8967, -77.063, '2016-05-10 14:08:00', 5, 'prova@prova.com', 144455),
(5863171, 38.8967, -77.063, '2016-05-02 17:35:00', 5, 'prova@prova.com', 83086),
(5865100, 36.6041, -121.872, '2016-05-29 20:59:00', 5, 'prova@prova.com', 41740),
(5868870, 5.81418, 100.471, '2016-05-25 09:30:05', 5, 'prova@prova.com', 58695),
(5869860, -1.13478, 10.1647, '2016-06-15 14:46:15', 5, 'prova@prova.com', 194090),
(5871074, 32.9236, -96.73, '2016-05-03 14:32:00', 5, 'prova@prova.com', 7089),
(5873536, 44.5764, -123.33, '2016-05-17 21:03:29', 5, 'prova@prova.com', 57727),
(5873560, 44.5677, -123.282, '2016-05-12 16:51:33', 5, 'prova@prova.com', 48159),
(5876618, 31.3975, -81.2795, '2016-05-19 14:16:00', 5, 'prova@prova.com', 61495),
(5876869, 31.3976, -81.2795, '2016-05-19 13:04:00', 5, 'prova@prova.com', 52865),
(5878981, 39.134, -108.78, '2016-05-23 20:56:11', 5, 'prova@prova.com', 58112),
(5879053, 35.7931, -78.6808, '2016-05-09 23:19:00', 5, 'prova@prova.com', 3454),
(5881123, 45.2115, -75.2219, '2016-05-31 14:52:00', 5, 'prova@prova.com', 58539),
(5883288, 34.6487, -111.753, '2016-05-15 14:50:00', 5, 'prova@prova.com', 53817),
(5883302, 34.6484, -111.752, '2016-05-15 14:56:00', 5, 'prova@prova.com', 43115),
(5884618, 21.234, -86.8342, '2016-05-06 21:32:00', 5, 'prova@prova.com', 144515),
(5887532, 43.4848, 10.3916, '2016-05-31 12:47:00', 5, 'prova@prova.com', 5325),
(5887647, 41.14, -81.5758, '2016-05-13 05:32:00', 5, 'prova@prova.com', 47158),
(5888169, 45.2062, -75.2272, '2016-05-31 16:47:00', 5, 'prova@prova.com', 58579),
(5888561, 32.9237, -96.7295, '2016-05-03 14:34:00', 5, 'prova@prova.com', 7089),
(5888710, 48.1699, -94.5153, '2016-05-24 15:40:00', 5, 'prova@prova.com', 24255),
(5888992, -25.1998, 28.2893, '2016-07-16 13:22:51', 5, 'prova@prova.com', 41964),
(5889749, 17.6276, -88.0658, '2016-06-21 16:16:00', 5, 'prova@prova.com', 15018),
(5890297, 40.4883, -74.428, '2016-05-06 13:48:29', 5, 'prova@prova.com', 49877),
(5890501, 17.7642, -88.6522, '2016-06-22 16:18:00', 5, 'prova@prova.com', 41673),
(5894005, -0.631174, -90.3064, '2016-05-23 20:08:01', 5, 'prova@prova.com', 57388),
(5895586, 45.2048, -74.5693, '2016-05-06 22:00:28', 5, 'prova@prova.com', 52354),
(5896905, 43.6431, -72.4104, '2016-05-31 13:02:00', 5, 'prova@prova.com', 44395),
(5898370, 35.5208, -76.951, '2016-06-08 17:13:31', 5, 'prova@prova.com', 50001),
(5898406, 45.544, 11.5542, '2017-04-30 06:49:39', 0, 'prova@prova.com', 52651),
(5898407, 45.544, 11.5542, '2017-04-30 06:50:32', 0, 'prova@prova.com', 50001),
(5898408, 45.5443, 11.5535, '2017-04-30 06:51:04', 0, 'prova@prova.com', 52651),
(5898409, 45.5537, 11.5148, '2017-04-30 06:51:55', 0, 'prova@prova.com', 3845),
(5898410, 45.5544, 11.5373, '2017-04-30 06:53:29', 0, 'prova@prova.com', 3845),
(5898411, 45.5834, 11.3274, '2017-04-30 06:54:24', 0, 'prova@prova.com', 3845),
(5898412, 45.5467, 11.5335, '2017-04-30 06:55:35', 0, 'prova@prova.com', 3845),
(5898413, 45.5534, 11.5486, '2017-04-30 06:56:37', 0, 'prova@prova.com', 3845),
(5898414, 45.5532, 11.5458, '2017-04-30 06:57:02', 0, 'prova@prova.com', 3845),
(5898415, 45.555, 11.5482, '2017-04-30 06:58:47', 0, 'prova@prova.com', 3845),
(5898416, 45.5421, 11.5531, '2017-04-30 07:07:41', 0, 'prova@prova.com', 3845),
(5898417, 45.5454, 11.5532, '2017-04-30 07:08:57', 0, 'prova@prova.com', 3845),
(5898418, 40.2124, 18.3142, '2017-04-30 08:06:58', 0, 'prova@prova.com', 128487),
(5904484, 23.6078, 87.4486, '2016-05-10 08:10:00', 5, 'prova@prova.com', 14388),
(5904599, 38.8783, -77.0337, '2016-05-21 16:01:27', 5, 'prova@prova.com', 9744),
(5906097, 32.9234, -96.7304, '2016-05-03 14:34:00', 5, 'prova@prova.com', 7089),
(5907025, 36.0855, -112.227, '2016-05-06 13:18:00', 5, 'prova@prova.com', 77167),
(5907264, 44.8718, 24.8128, '2016-05-26 14:03:47', 5, 'prova@prova.com', 49973),
(5907427, 36.0992, -112.21, '2016-05-02 23:38:00', 5, 'prova@prova.com', 77956),
(5907428, 36.0992, -112.21, '2016-05-02 23:54:00', 5, 'prova@prova.com', 47902),
(5907429, 36.0992, -112.21, '2016-05-02 23:41:00', 5, 'prova@prova.com', 68190),
(5911573, 37.6722, -103.518, '2016-05-14 22:57:58', 5, 'prova@prova.com', 122636),
(5912241, -0.319042, -90.8064, '2016-05-26 13:44:55', 5, 'prova@prova.com', 35347),
(5912648, 38.2739, -121.825, '2016-05-20 19:35:03', 5, 'prova@prova.com', 60242),
(5915045, 34.2179, -118.641, '2016-05-13 19:35:21', 5, 'prova@prova.com', 47125),
(5917374, 30.6154, -98.0663, '2016-05-16 20:08:00', 5, 'prova@prova.com', 318907),
(5917636, 31.0693, -97.4639, '2016-05-16 17:35:46', 5, 'prova@prova.com', 47485),
(5919634, 8.805, -78.46, '2016-05-28 15:11:00', 5, 'prova@prova.com', 2062),
(5919635, 8.805, -78.46, '2016-05-28 14:11:00', 5, 'prova@prova.com', 18515),
(5919636, 8.805, -78.46, '2016-05-28 14:10:00', 5, 'prova@prova.com', 18833),
(5919637, 8.805, -78.46, '2016-05-28 15:30:00', 5, 'prova@prova.com', 10215),
(5919638, 8.78936, -78.4488, '2016-05-28 22:03:00', 5, 'prova@prova.com', 19005),
(5919639, 8.805, -78.46, '2016-05-28 17:41:00', 5, 'prova@prova.com', 2154),
(5919640, 8.78936, -78.4488, '2016-05-29 12:15:00', 5, 'prova@prova.com', 9308),
(5919641, 8.78936, -78.4488, '2016-05-29 12:55:00', 5, 'prova@prova.com', 30493),
(5919729, 32.9238, -96.7298, '2016-05-03 14:34:00', 5, 'prova@prova.com', 7089),
(5920573, 48.2432, 11.6755, '2016-05-26 11:55:00', 5, 'prova@prova.com', 51807),
(5921585, 38.205, -122.949, '2016-05-27 15:38:32', 5, 'prova@prova.com', 108561),
(5921898, 43.3959, -70.9176, '2016-05-11 15:29:04', 5, 'prova@prova.com', 27186),
(5921907, 43.3964, -70.9176, '2016-05-11 15:29:49', 5, 'prova@prova.com', 62470),
(5921919, 43.3873, -70.9269, '2016-05-11 19:35:29', 5, 'prova@prova.com', 39775),
(5921940, 43.3843, -70.7295, '2016-05-20 18:04:32', 5, 'prova@prova.com', 64968),
(5921943, 44.4802, -69.5114, '2016-05-28 18:34:09', 5, 'prova@prova.com', 39775),
(5924969, 35.6788, -78.7307, '2016-05-21 15:27:00', 5, 'prova@prova.com', 50001),
(5926350, 40.9077, -72.7316, '2016-05-30 11:26:43', 5, 'prova@prova.com', 39771),
(5926393, 40.9073, -72.7325, '2016-05-30 21:26:51', 5, 'prova@prova.com', 39682),
(5929806, 21.4748, -86.923, '2016-07-09 17:19:00', 5, 'prova@prova.com', 35278),
(5931237, 44.4363, -75.8847, '2016-05-21 02:05:00', 5, 'prova@prova.com', 47404),
(5932334, 19.253, -99.5715, '2016-05-08 19:26:11', 5, 'prova@prova.com', 47746),
(5932718, 41.7716, -73.9271, '2016-05-19 14:56:28', 5, 'prova@prova.com', 39771),
(5933142, 41.6514, -73.8893, '2016-05-27 14:20:54', 5, 'prova@prova.com', 39814),
(5933338, 41.7721, -73.9276, '2016-05-25 19:36:11', 5, 'prova@prova.com', 66012),
(5933478, 41.7689, -73.9366, '2016-05-25 20:28:39', 5, 'prova@prova.com', 59644),
(5933878, 37.1938, -122.141, '2016-05-30 05:11:00', 5, 'prova@prova.com', 10274),
(5934087, 37.0573, -122.007, '2016-05-12 05:38:00', 5, 'prova@prova.com', 227514),
(5934098, 37.0574, -122.008, '2016-05-16 05:41:00', 5, 'prova@prova.com', 56832),
(5934129, 37.1939, -122.141, '2016-05-30 05:47:00', 5, 'prova@prova.com', 18209),
(5935389, -41.2956, 174.688, '2016-05-07 10:36:47', 5, 'prova@prova.com', 126155),
(5935447, 37.4347, 15.0792, '2016-05-25 13:19:37', 5, 'prova@prova.com', 37224),
(5936199, 19.9633, -97.4414, '2016-05-29 18:18:43', 5, 'prova@prova.com', 47204),
(5936202, 19.9632, -97.4413, '2016-05-29 18:10:32', 5, 'prova@prova.com', 126305),
(5936251, 32.9235, -96.7303, '2016-05-03 14:34:00', 5, 'prova@prova.com', 7089),
(5936353, 23.5385, 87.3072, '2016-05-17 03:19:00', 5, 'prova@prova.com', 5007),
(5936704, 45.029, 7.10071, '2016-05-20 10:57:00', 5, 'prova@prova.com', 42357),
(5938454, 31.5809, -100.518, '2016-05-16 00:15:00', 5, 'prova@prova.com', 10224),
(5939452, 35.1566, -77.0943, '2016-05-24 02:50:00', 5, 'prova@prova.com', 26159),
(5940386, 51.1702, -114.392, '2016-05-13 21:15:00', 5, 'prova@prova.com', 54840),
(5940497, 50.9118, -114, '2016-05-25 15:03:00', 5, 'prova@prova.com', 43132),
(5941311, 39.9493, -75.1982, '2016-05-20 13:02:00', 5, 'prova@prova.com', 10247),
(5944891, 42.0817, -121.057, '2016-07-17 23:22:00', 5, 'prova@prova.com', 78662),
(5947005, 30.0771, -98.034, '2016-05-23 20:01:32', 5, 'prova@prova.com', 119953),
(5947081, 32.7623, -79.8905, '2016-05-25 23:06:54', 5, 'prova@prova.com', 111752),
(5947196, 38.5916, -90.3905, '2016-05-08 22:39:55', 5, 'prova@prova.com', 3),
(5951297, 32.9235, -96.7304, '2016-05-03 14:35:00', 5, 'prova@prova.com', 7089),
(5952217, 40.0343, -105.35, '2016-05-26 13:48:00', 5, 'prova@prova.com', 46018),
(5952270, 39.9318, -75.2117, '2016-05-20 20:57:00', 5, 'prova@prova.com', 10247),
(5955237, 38.2278, -119.395, '2016-05-24 01:17:00', 5, 'prova@prova.com', 78752),
(5955239, 38.2278, -119.395, '2016-05-24 01:41:00', 5, 'prova@prova.com', 51611),
(5955241, 38.2278, -119.395, '2016-05-25 01:29:00', 5, 'prova@prova.com', 78854),
(5955242, 38.2278, -119.395, '2016-05-25 01:35:00', 5, 'prova@prova.com', 49230),
(5955243, 38.2278, -119.395, '2016-05-25 01:51:00', 5, 'prova@prova.com', 79047),
(5955244, 38.2278, -119.395, '2016-05-25 01:58:00', 5, 'prova@prova.com', 78854),
(5955649, 37.1959, -113.28, '2016-05-27 19:06:20', 5, 'prova@prova.com', 146199),
(5955953, 37.7553, -93.0992, '2016-05-07 14:22:27', 5, 'prova@prova.com', 53186),
(5956108, 40.0777, -75.2357, '2016-05-07 20:48:00', 5, 'prova@prova.com', 7562),
(5956521, 26.5732, 93.4027, '2016-05-05 21:05:00', 5, 'prova@prova.com', 47118),
(5957670, 40.7592, -86.3701, '2016-05-29 21:55:30', 5, 'prova@prova.com', 60551),
(5957747, 22.283, 114.137, '2016-05-04 02:58:00', 5, 'prova@prova.com', 47157),
(5957748, 22.3369, 114.176, '2016-05-04 13:34:00', 5, 'prova@prova.com', 47157),
(5957749, 22.3369, 114.176, '2016-05-04 13:37:00', 5, 'prova@prova.com', 47157),
(5957751, 22.3369, 114.176, '2016-05-04 13:40:00', 5, 'prova@prova.com', 47157),
(5957753, 22.3369, 114.176, '2016-05-05 14:36:00', 5, 'prova@prova.com', 47157),
(5957754, 22.3369, 114.176, '2016-05-05 14:37:00', 5, 'prova@prova.com', 47157),
(5957755, 22.3369, 114.176, '2016-05-05 14:38:00', 5, 'prova@prova.com', 126765),
(5957759, 22.3369, 114.176, '2016-05-06 12:24:00', 5, 'prova@prova.com', 47157),
(5957761, 22.3369, 114.176, '2016-05-09 14:27:00', 5, 'prova@prova.com', 47157),
(5957762, 22.3369, 114.176, '2016-05-09 14:27:00', 5, 'prova@prova.com', 47157),
(5957763, 22.283, 114.137, '2016-05-09 14:32:00', 5, 'prova@prova.com', 47157),
(5957766, 22.3369, 114.176, '2016-05-12 09:58:00', 5, 'prova@prova.com', 47157),
(5957767, 22.3369, 114.176, '2016-05-13 10:26:00', 5, 'prova@prova.com', 47157),
(5957768, 22.3369, 114.176, '2016-05-13 10:28:00', 5, 'prova@prova.com', 47157),
(5957769, 22.3369, 114.176, '2016-05-14 08:12:00', 5, 'prova@prova.com', 47157),
(5957898, 22.3369, 114.176, '2016-05-14 11:52:00', 5, 'prova@prova.com', 47157),
(5957899, 22.3369, 114.176, '2016-05-14 11:54:00', 5, 'prova@prova.com', 47157),
(5957900, 22.3369, 114.176, '2016-05-16 13:01:00', 5, 'prova@prova.com', 47157),
(5957902, 22.3369, 114.176, '2016-05-19 02:00:00', 5, 'prova@prova.com', 47157),
(5957904, 22.3369, 114.176, '2016-05-19 12:53:00', 5, 'prova@prova.com', 47157),
(5957905, 22.3369, 114.176, '2016-05-19 12:53:00', 5, 'prova@prova.com', 47157),
(5957908, 22.3369, 114.176, '2016-05-20 13:42:00', 5, 'prova@prova.com', 47157),
(5957911, 22.283, 114.137, '2016-05-23 06:40:00', 5, 'prova@prova.com', 47157),
(5957915, 22.283, 114.137, '2016-05-23 06:41:00', 5, 'prova@prova.com', 204669),
(5957918, 22.283, 114.137, '2016-05-23 06:43:00', 5, 'prova@prova.com', 193959),
(5957924, 22.3369, 114.176, '2016-05-23 13:43:00', 5, 'prova@prova.com', 82040),
(5957925, 22.3369, 114.176, '2016-05-23 13:44:00', 5, 'prova@prova.com', 47157),
(5957926, 22.3369, 114.176, '2016-05-23 13:45:00', 5, 'prova@prova.com', 47157),
(5957929, 22.3369, 114.176, '2016-05-23 13:46:00', 5, 'prova@prova.com', 47157),
(5957930, 22.3369, 114.176, '2016-05-23 13:47:00', 5, 'prova@prova.com', 47157),
(5957933, 22.3369, 114.176, '2016-05-23 13:48:00', 5, 'prova@prova.com', 47157),
(5957936, 22.3369, 114.176, '2016-05-23 13:48:00', 5, 'prova@prova.com', 47157),
(5957937, 22.3369, 114.176, '2016-05-23 13:49:00', 5, 'prova@prova.com', 47157),
(5957938, 22.3369, 114.176, '2016-05-23 13:50:00', 5, 'prova@prova.com', 47157),
(5957940, 22.3369, 114.176, '2016-05-23 13:52:00', 5, 'prova@prova.com', 47157),
(5957943, 22.3369, 114.176, '2016-05-24 00:44:00', 5, 'prova@prova.com', 47157),
(5957945, 22.3369, 114.176, '2016-05-25 13:33:00', 5, 'prova@prova.com', 82040),
(5957953, 22.283, 114.137, '2016-05-26 02:43:00', 5, 'prova@prova.com', 193959),
(5958332, 22.3369, 114.176, '2016-05-26 12:00:00', 5, 'prova@prova.com', 47157),
(5958333, 22.3369, 114.176, '2016-05-26 12:02:00', 5, 'prova@prova.com', 47157),
(5958335, 22.3369, 114.176, '2016-05-26 12:02:00', 5, 'prova@prova.com', 47157),
(5958336, 22.3369, 114.176, '2016-05-26 12:03:00', 5, 'prova@prova.com', 47157),
(5958338, 22.3369, 114.176, '2016-05-26 12:03:00', 5, 'prova@prova.com', 47157),
(5958340, 22.3369, 114.176, '2016-05-26 12:04:00', 5, 'prova@prova.com', 47157),
(5958341, 22.3369, 114.176, '2016-05-26 12:05:00', 5, 'prova@prova.com', 82040),
(5958342, 22.3369, 114.176, '2016-05-26 12:06:00', 5, 'prova@prova.com', 82040),
(5958345, 22.3369, 114.176, '2016-05-27 13:12:00', 5, 'prova@prova.com', 47157),
(5958347, 22.3369, 114.176, '2016-05-27 13:13:00', 5, 'prova@prova.com', 47157),
(5958348, 22.3369, 114.176, '2016-05-27 13:14:00', 5, 'prova@prova.com', 47157),
(5958350, 22.3369, 114.176, '2016-05-27 13:14:00', 5, 'prova@prova.com', 47157),
(5958352, 22.3369, 114.176, '2016-05-27 13:15:00', 5, 'prova@prova.com', 82040),
(5958353, 22.3369, 114.176, '2016-05-27 13:19:00', 5, 'prova@prova.com', 47157),
(5958354, 22.3369, 114.176, '2016-05-28 00:14:00', 5, 'prova@prova.com', 47157),
(5958358, 22.3369, 114.176, '2016-05-30 13:06:00', 5, 'prova@prova.com', 47157),
(5958621, 22.283, 114.137, '2016-05-31 06:09:00', 5, 'prova@prova.com', 47157),
(5958622, 22.3369, 114.176, '2016-05-27 11:40:00', 5, 'prova@prova.com', 47157),
(5958797, 34.4363, -77.692, '2016-05-01 14:28:00', 5, 'prova@prova.com', 17693),
(5959123, 29.7886, -97.9693, '2016-05-30 20:19:00', 5, 'prova@prova.com', 51558),
(5959770, 43.413, -70.73, '2016-05-30 00:40:00', 5, 'prova@prova.com', 62265),
(5959881, 43.4927, -70.406, '2016-05-19 00:46:00', 5, 'prova@prova.com', 56224),
(5960207, 31.3767, -100.533, '2016-05-13 00:26:00', 5, 'prova@prova.com', 1965),
(5960234, 30.4689, -101.802, '2016-05-14 18:15:00', 5, 'prova@prova.com', 17013),
(5960554, 31.378, -100.553, '2016-05-30 23:25:00', 5, 'prova@prova.com', 19577),
(5961193, 31.3767, -100.533, '2016-05-13 00:18:00', 5, 'prova@prova.com', 1965),
(5961207, 31.4395, -100.6, '2016-05-18 21:38:00', 5, 'prova@prova.com', 4714),
(5963049, 38.1854, -119.46, '2016-05-30 01:55:00', 5, 'prova@prova.com', 47351),
(5965772, 45.0735, 7.01227, '2016-05-25 12:30:00', 5, 'prova@prova.com', 13141),
(5965773, 45.131, 7.00172, '2016-05-25 12:30:00', 5, 'prova@prova.com', 8000),
(5966612, 17.7423, -92.6291, '2016-05-12 21:45:35', 5, 'prova@prova.com', 47157),
(5967583, 40.0622, -105.148, '2016-05-29 18:58:00', 5, 'prova@prova.com', 46179),
(5969500, 29.8481, -95.6017, '2016-05-01 13:57:54', 5, 'prova@prova.com', 37763),
(5970504, 36.7474, -96.1808, '2016-05-30 19:55:22', 5, 'prova@prova.com', 47934),
(5970563, 36.7475, -96.1809, '2016-05-30 19:51:31', 5, 'prova@prova.com', 96907),
(5972279, 44.27, -72.5778, '2016-05-30 13:57:09', 5, 'prova@prova.com', 54854),
(5972934, 39.6578, -121.576, '2016-05-25 16:48:00', 5, 'prova@prova.com', 47604),
(5973795, 36.2991, -121.636, '2016-05-20 07:49:00', 5, 'prova@prova.com', 77892),
(5973827, 36.2943, -121.794, '2016-05-20 07:31:00', 5, 'prova@prova.com', 77854),
(5973957, 45.4972, 10.9852, '2016-05-13 10:09:00', 5, 'prova@prova.com', 27726),
(5974025, 45.7731, 10.8637, '2016-05-04 12:47:00', 5, 'prova@prova.com', 326296),
(5977835, 41.8516, -73.0412, '2016-05-30 19:19:49', 5, 'prova@prova.com', 27805),
(5982620, -0.068475, -78.7618, '2016-05-30 16:56:57', 5, 'prova@prova.com', 47922),
(5983363, 35.1554, -97.4014, '2016-05-13 18:04:00', 5, 'prova@prova.com', 12878),
(5983981, 35.1731, -97.4412, '2016-05-26 18:05:00', 5, 'prova@prova.com', 10227),
(5985152, 38.6278, -120.739, '2016-05-31 02:34:38', 5, 'prova@prova.com', 56744),
(5985431, 47.6197, -122.349, '2016-05-12 18:30:32', 5, 'prova@prova.com', 4343),
(5985870, 49.3451, -123.017, '2016-05-14 17:52:16', 5, 'prova@prova.com', 4956),
(5986876, 38.8007, -120.888, '2016-05-21 22:24:00', 5, 'prova@prova.com', 12727),
(5992002, 22.4359, 113.988, '2016-05-30 03:41:37', 5, 'prova@prova.com', 153102),
(5993327, 46.329, 16.7928, '2016-05-12 20:00:02', 5, 'prova@prova.com', 47157),
(5995034, 32.9244, -96.7298, '2016-05-03 14:39:00', 5, 'prova@prova.com', 7089),
(5995060, 33.898, -96.7957, '2016-05-29 18:45:00', 5, 'prova@prova.com', 4308),
(5995132, 40.8155, 8.35545, '2016-05-22 08:41:18', 5, 'prova@prova.com', 41815),
(5995337, 35.1861, -97.4258, '2016-05-01 12:07:00', 5, 'prova@prova.com', 3962),
(5995478, 33.8834, -96.7835, '2016-05-28 19:27:00', 5, 'prova@prova.com', 199840),
(5995541, 40.9994, 8.22356, '2016-05-19 11:44:28', 5, 'prova@prova.com', 73823),
(5995548, 40.927, 8.37808, '2016-05-19 11:25:37', 5, 'prova@prova.com', 71212),
(5996461, 48.4453, -122.724, '2016-05-24 22:16:57', 5, 'prova@prova.com', 49053),
(5996743, 41.3172, -81.4192, '2016-05-11 18:08:00', 5, 'prova@prova.com', 515419),
(5996745, 41.3172, -81.4192, '2016-05-11 18:21:00', 5, 'prova@prova.com', 84549),
(5996746, 41.3172, -81.4192, '2016-05-11 18:26:00', 5, 'prova@prova.com', 47125),
(5996747, 41.3172, -81.4192, '2016-05-11 18:48:00', 5, 'prova@prova.com', 85553),
(5996749, 41.3172, -81.4192, '2016-05-13 21:47:00', 5, 'prova@prova.com', 47125),
(5996750, 41.3172, -81.4192, '2016-05-13 21:59:00', 5, 'prova@prova.com', 85553),
(5998315, 30.0982, -94.7659, '2016-05-24 11:05:00', 5, 'prova@prova.com', 220383),
(5999058, 1.29633, -75.5221, '2016-05-25 12:33:00', 5, 'prova@prova.com', 2060),
(5999185, 30.0982, -94.7659, '2016-05-12 10:49:00', 5, 'prova@prova.com', 210607),
(5999189, 30.0982, -94.7659, '2016-05-31 11:35:00', 5, 'prova@prova.com', 332646),
(5999313, 33.8813, -96.7876, '2016-05-29 22:17:00', 5, 'prova@prova.com', 7576),
(5999572, -36.1816, 174.06, '2016-05-01 21:45:00', 5, 'prova@prova.com', 5032),
(6002103, 42.3327, -88.0243, '2016-05-30 15:48:12', 5, 'prova@prova.com', 3950),
(6002137, 42.3759, -88.0285, '2016-05-18 00:58:51', 5, 'prova@prova.com', 42051),
(6002150, 42.2193, -87.9319, '2016-05-19 21:56:05', 5, 'prova@prova.com', 47125),
(6003471, 40.0632, -121.185, '2016-05-21 21:01:00', 5, 'prova@prova.com', 51092),
(6003474, 40.0632, -121.185, '2016-05-21 22:16:00', 5, 'prova@prova.com', 48807),
(6003475, 40.0632, -121.185, '2016-05-21 23:03:00', 5, 'prova@prova.com', 79405),
(6003476, 40.0632, -121.185, '2016-05-21 23:27:00', 5, 'prova@prova.com', 56840),
(6003477, 40.0632, -121.185, '2016-05-22 01:44:00', 5, 'prova@prova.com', 60527),
(6003478, 40.0632, -121.185, '2016-05-22 01:52:00', 5, 'prova@prova.com', 61829),
(6003479, 40.0857, -121.096, '2016-05-22 01:53:00', 5, 'prova@prova.com', 50710),
(6003704, 43.6038, -88.6023, '2016-05-28 15:53:00', 5, 'prova@prova.com', 28423),
(6003845, 43.7844, -88.7879, '2016-05-28 16:25:00', 5, 'prova@prova.com', 49868),
(6004501, 43.7844, -88.7879, '2016-05-28 16:25:00', 5, 'prova@prova.com', 68884),
(6006257, 32.9243, -96.7298, '2016-05-03 14:38:00', 5, 'prova@prova.com', 7089),
(6008879, 30.0982, -94.7659, '2016-05-04 00:54:00', 5, 'prova@prova.com', 491816),
(6010721, 30.0982, -94.7659, '2016-05-12 01:02:00', 5, 'prova@prova.com', 52904),
(6010726, 30.0982, -94.7659, '2016-05-12 01:17:00', 5, 'prova@prova.com', 490354),
(6010739, 30.0982, -94.7659, '2016-05-05 11:09:00', 5, 'prova@prova.com', 227082),
(6010874, 36.5222, -121.953, '2016-05-30 19:26:13', 5, 'prova@prova.com', 51315),
(6010888, 39.9273, -105.273, '2016-05-30 20:02:07', 5, 'prova@prova.com', 29044),
(6010889, 36.4216, -121.923, '2016-05-30 16:09:19', 5, 'prova@prova.com', 57267),
(6010977, 39.9191, -105.269, '2016-05-30 20:20:53', 5, 'prova@prova.com', 46018),
(6012597, 39.6467, -79.9767, '2016-05-19 11:48:00', 5, 'prova@prova.com', 19893),
(6014752, 36.8399, -119.765, '2016-05-25 19:32:54', 5, 'prova@prova.com', 211194),
(6016755, 38.7839, -120.458, '2016-05-29 21:42:00', 5, 'prova@prova.com', 42051),
(6019092, 39.2994, -122.531, '2016-05-29 00:24:23', 5, 'prova@prova.com', 29044),
(6019111, 34.0883, -80.895, '2016-05-18 21:20:52', 5, 'prova@prova.com', 39532),
(6019667, 42.3204, -76.3348, '2016-05-07 21:22:20', 5, 'prova@prova.com', 129487),
(6019668, 45.7475, 11.4589, '2017-04-30 10:27:21', 0, 'prova@prova.com', 1965);

-- --------------------------------------------------------

--
-- Struttura della tabella `taxons`
--

CREATE TABLE `taxons` (
  `idTaxon` int(11) NOT NULL,
  `name` varchar(255) NOT NULL,
  `observationCount` int(11) NOT NULL,
  `wikipedia_summary` varchar(255) NOT NULL,
  `TaxonPhotoUrl` varchar(255) DEFAULT NULL
) ENGINE=InnoDB DEFAULT CHARSET=latin1;

--
-- Dump dei dati per la tabella `taxons`
--

INSERT INTO `taxons` (`idTaxon`, `name`, `observationCount`, `wikipedia_summary`, `TaxonPhotoUrl`) VALUES
(3, 'Aves', 1197261, '<b>Birds</b> (class <b>Aves</b> or clade <b>Avialae</b>) are feathered, winged, two-legged, warm-blooded, egg-laying vertebrates. Aves ranks as the tetrapod class with the most living species, approximately ten thousand. Extant birds belong to the subclas', NULL),
(906, 'Meleagris gallopavo', 5358, 'The <b>wild turkey</b> (<i>Meleagris gallopavo</i>) is an upland ground bird native to North America and is the heaviest member of the diverse Galliformes. It is the same species as the domestic turkey, which was originally derived from a southern Mexican', NULL),
(1241, 'Dendragapus obscurus', 128, 'The <b>Dusky Grouse</b> (<i>Dendragapus obscurus</i>) is a species of forest-dwelling grouse native to the Rocky Mountains in North America. It is closely related to the Sooty Grouse (<i>Dendragapus fuliginosus</i>), and the two were previously considered', NULL),
(1409, 'Callipepla californica', 1998, 'The <b>California quail</b> (<i>Callipepla californica</i>), also known as the <b>California valley quail</b> or <b>valley quail</b>, is a small ground-dwelling bird in the New World quail family. These birds have a curving crest or <i>plume</i>, made of ', NULL),
(1965, 'Coccyzus americanus', 627, 'The <b>Yellow-billed Cuckoo</b> (<i>Coccyzus americanus</i>) is a cuckoo (pronounced cuck-coo). Common folk-names for this bird in the southern United States are <b>Rain Crow</b> and <b>Storm Crow</b>. These likely refer to the bird''s habit of calling on ', NULL),
(1985, 'Geococcyx', 2000, 'The <b>roadrunner</b>, also known as a <b>chaparral bird</b> and a chaparral cock, is a fast-running ground cuckoo that has a long tail and a crest. It is found in the southwestern United States and Mexico, usually in the desert. Some have been clocked at', NULL),
(2060, 'Penelope obscura', 13, 'The <b>Dusky-legged Guan</b> (<i>Penelope obscura</i>) is a species of bird in the Cracidae family, the chachalacas, guans, and curassows. It is found in southernmost Brazil, northern Uruguay, Paraguay, and northeastern Argentina; a narrow disjunct range ', NULL),
(2062, 'Penelope purpurascens', 169, 'The <b>Crested Guan</b> (<i>Penelope purpurascens</i>) is a member of an ancient group of birds of the Cracidae family, which are related to the Australasian mound builders. It breeds in lowlands from south Mexico and the Yucatn Peninsula to western Ecua', NULL),
(2154, 'Electron platyrhynchum', 39, 'The <b>Broad-billed Motmot</b> (<i>Electron platyrhynchum</i>) is a species of bird in the Momotidae family.', NULL),
(2552, 'Megaceryle torquata', 466, 'The <b>ringed kingfisher</b> (<i>Megaceryle torquata</i>) is a large, conspicuous and noisy kingfisher commonly found along the lower Rio Grande valley in southeasternmost Texas in the United States through Central America to Tierra del Fuego in South Ame', NULL),
(3454, 'Zenaida macroura', 9851, 'The <b>mourning dove</b> (<i>Zenaida macroura</i>) is a member of the dove family, Columbidae. The bird is also known as the <b>American mourning dove</b> or the <b>rain dove</b>, and erroneously as the <b>turtle dove</b>, and was once known as the <b>Car', NULL),
(3845, 'Calidris canutus', 311, 'The <b>red knot</b> (<i>Calidris canutus</i>) (just <b>knot</b> in Europe) is a medium-sized shorebird which breeds in tundra and the Arctic Cordillera in the far north of Canada, Europe, and Russia. It is a large member of the <i>Calidris</i> sandpipers,', NULL),
(3950, 'Limosa haemastica', 121, 'The <b>Hudsonian Godwit</b> (<i>Limosa haemastica</i>) is a large shorebird.', NULL),
(3962, 'Bartramia longicauda', 205, 'The <b>upland sandpiper</b> (<i>Bartramia longicauda</i>) is a large sandpiper, closely related to the curlews. Older names are the <b>upland plover</b> and <b>Bartram''s sandpiper</b>. In Louisiana, it is also colloquially known as the <b>papabotte</b>. I', NULL),
(4239, 'Tachybaptus dominicus', 539, 'The <b>Least Grebe</b> (<i>Tachybaptus dominicus</i>), an aquatic bird, is the smallest member of the grebe family. It occurs in the New World from the southwestern United States and Mexico to Chile and Argentina, and also on Trinidad and Tobago, the Baha', NULL),
(4265, 'Phalacrocorax auritus', 7172, 'The <b>Double-crested Cormorant</b> (<i>Phalacrocorax auritus</i>) is a member of the cormorant family of seabirds. It occurs along inland waterways as well as in coastal areas, and is widely distributed across North America, from the Aleutian Islands in ', NULL),
(4308, 'Phalacrocorax brasilianus', 1581, 'The <b>Neotropic Cormorant</b> or <b>Olivaceous Cormorant</b> (<i>Phalacrocorax brasilianus</i>) is a medium-sized cormorant found throughout the American tropics and subtropics, from the middle Rio Grande and the Gulf and Californian coasts of the USA so', NULL),
(4343, 'Larus', 26137, '<i><b>Larus</b></i> is a large genus of gulls with worldwide distribution (although by far the greatest species diversity is in the Northern Hemisphere). Many of its species are abundant and well-known birds in their ranges. Until about 20052007, most gu', NULL),
(4647, 'Falco peregrinus', 1955, 'The <b>peregrine falcon</b> (<i>Falco peregrinus</i>), also known as the <b>peregrine</b>, and historically as the <b>duck hawk</b> in North America, is a widespread bird of prey in the family <i>Falconidae</i>. A large, crow-sized falcon, it has a blue-g', NULL),
(4714, 'Caracara cheriway', 1511, 'The <b>Northern Crested Caracara</b>, <b>Northern Caracara</b>, or <b>Crested Caracara</b> (<i>Caracara cheriway</i>) as it is properly known where it lives in the Americas, is a bird of prey in the family Falconidae. It was formerly considered conspecifi', NULL),
(4765, 'Coragyps atratus', 3522, 'The <b>Black Vulture</b> (<i>Coragyps atratus</i>) also known as the <b>American Black Vulture</b>, is a bird in the New World vulture family whose range extends from the southeastern United States to Central Chile and Uruguay in South America. Although a', NULL),
(4798, 'Charadrius melodus', 524, 'The <b>piping plover</b> (<i>Charadrius melodus</i>) is a small sand-colored, sparrow-sized shorebird that nests and feeds along coastal sand and gravel beaches in North America. The adult has yellow-orange legs, a black band across the forehead from eye ', NULL),
(4956, 'Ardea herodias', 13075, 'The <b>great blue heron</b> (<i>Ardea herodias</i>) is a large wading bird in the heron family Ardeidae, common near the shores of open water and in wetlands over most of North America and Central America, as well as the Caribbean and the Galpagos Island', NULL),
(4981, 'Nycticorax nycticorax', 4424, 'The <b>Black-crowned Night Heron</b> (<i>Nycticorax nycticorax</i>), commonly abbreviated to just <b>Night Heron</b> in Eurasia, is a medium-sized heron found throughout a large part of the world, except in the coldest regions and Australasia (where it is', NULL),
(4999, 'Nyctanassa violacea', 1845, 'The <b>Yellow-crowned Night Heron</b> (<i>Nyctanassa violacea</i>, formerly placed in the genus <i>Nycticorax</i>), also called the <b>American Night Heron</b> or <b>squawk</b>, is a fairly small heron. It is found throughout a large part of the Americas,', NULL),
(5007, 'Ixobrychus cinnamomeus', 13, 'The <b>Cinnamon Bittern</b> or <b>Chestnut Bittern</b> (<i>Ixobrychus cinnamomeus</i>) is a small bittern. It is of Old World origins, breeding in tropical and subtropical Asia from Pakistan east to China and Indonesia. It is mainly resident, but some nor', NULL),
(5032, 'Botaurus poiciloptilus', 53, 'The <b>Australasian bittern</b> (<i>Botaurus poiciloptilus</i>), also known as the <b>brown bittern</b>, is a large bird in the heron family.', NULL),
(5305, 'Haliaeetus leucocephalus', 5872, 'The <b>Bald Eagle</b> (<i>Haliaeetus leucocephalus</i>; <i>hali</i> = sea, <i>aeetus</i> = eagle, <i>leuco</i> = white, <i>cephalis</i> = head) is a bird of prey found in North America. A sea eagle, it has two known sub-species and forms a species pair wi', NULL),
(5325, 'Pernis apivorus', 548, 'The <b>European honey buzzard</b> (<i>Pernis apivorus</i>), also known as the <b>pern</b> or <b>common pern</b>, is a bird of prey in the family Accipitridae.', NULL),
(6317, 'Calypte anna', 5200, '<b>Anna''s Hummingbird</b> (<i>Calypte anna</i>) is a medium-sized hummingbird native to the west coast of North America. This bird was named after Anna Massna, Duchess of Rivoli.', NULL),
(7089, 'Branta canadensis', 13273, 'The <b>Canada Goose</b> (<i>Branta canadensis</i>) is a goose with a black head and neck, white patches on the face, and a brownish-gray body. Native to arctic and temperate regions of North America, it also occasionally migrates to northern Europe, and h', NULL),
(7107, 'Aix sponsa', 3412, 'The <b>Wood Duck</b> or <b>Carolina Duck</b> (<i>Aix sponsa</i>) is a species of perching duck found in North America.', NULL),
(7562, 'Troglodytes aedon', 1864, 'The <b>House Wren</b> (<i>Troglodytes aedon</i>) is a very small songbird of the wren family, Troglodytidae. It occurs from Canada to southernmost South America, and is thus the most widely distributed bird in the Americas. It occurs in most suburban area', NULL),
(7576, 'Thryomanes bewickii', 2737, 'The <b>Bewick''s wren</b> (<i>Thryomanes bewickii</i>) is a wren native to North America. At about 14cm (5.5in) long, it is grey-brown above, white below, with a long white eyebrow. While similar in appearance to the Carolina wren, it has a long tail tha', NULL),
(8000, 'Corvus monedula', 741, 'The <b>western jackdaw</b> (<i>Corvus monedula</i>), also known as the <b>Eurasian jackdaw</b>, <b>European jackdaw</b>, or simply <b>jackdaw</b>, is a passerine bird in the crow family. Found across Europe, western Asia and North Africa, it is mostly res', NULL),
(8229, 'Cyanocitta cristata', 6003, 'The <b>Blue Jay</b> (<i>Cyanocitta cristata</i>) is a passerine bird in the family Corvidae, native to North America. It is resident through most of eastern and central United States and southern Canada, although western populations may be migratory. It b', NULL),
(8234, 'Cyanocitta stelleri', 1966, 'The <b>Steller''s jay</b> (<i>Cyanocitta stelleri</i>) is a jay native to western North America, closely related to the blue jay found in the rest of the continent, but with a black head and upper body. It is also known as the <b>long-crested jay</b>, <b>m', NULL),
(8493, 'Cracticus nigrogularis', 66, 'The <b>Pied Butcherbird</b> (<i>Cracticus nigrogularis</i>) is a medium-sized songbird native to Australia. It grows about 35cm (14in) long and has black and white plumage. The colour of juvenile birds, which are accompanied by their parents, is brown a', NULL),
(9083, 'Cardinalis cardinalis', 10688, 'The <b>Northern Cardinal</b> (<i>Cardinalis cardinalis</i>) is a North American bird in the genus <i>Cardinalis</i>; it is also known colloquially as the <b>redbird</b> or <b>common cardinal</b>. It can be found in southern Canada, through the eastern Uni', NULL),
(9176, 'Zonotrichia leucophrys', 5005, 'The <b>White-crowned Sparrow</b> (<i>Zonotrichia leucophrys</i>) is a medium-sized sparrow native to North America.', NULL),
(9308, 'Euphonia laniirostris', 50, 'The <b>Thick-billed Euphonia</b> (<i>Euphonia laniirostris</i>) is a species of bird in the family Fringillidae, formerly placed in the Thraupidae.', NULL),
(9744, 'Agelaius phoeniceus', 8829, 'The <b>Red-winged Blackbird</b> (<i>Agelaius phoeniceus</i>) is a passerine bird of the family Icteridae found in most of North and much of Central America. It breeds from Alaska and Newfoundland south to Florida, the Gulf of Mexico, Mexico, and Guatemala', NULL),
(9981, 'Passerculus sandwichensis', 2936, 'The <b>Savannah Sparrow</b> (<i>Passerculus sandwichensis</i>) is a small American sparrow. It is the only widely accepted member of the genus <i><b>Passerculus</b></i>. Comparison of mtDNA NADH dehydrogenase subunit 2 and 3 sequences indicates that the <', NULL),
(10215, 'Chlorospingus tacarcunae', 1, 'The <b>Tacarcuna Bush Tanager</b> (<i>Chlorospingus tacarcunae</i>) is a species of bird traditionally placed in the Thraupidae family, but perhaps closer to Arremonops in the Emberizidae.', NULL),
(10224, 'Passerina ciris', 1194, 'The <b>Painted Bunting</b> (<i>Passerina ciris</i>) is a species of bird in the Cardinal family, Cardinalidae, that is native to North America.', NULL),
(10227, 'Passerina cyanea', 1822, 'The <b>Indigo Bunting</b> (<i>Passerina cyanea</i>) is a small seed-eating bird in the family Cardinalidae. It is migratory, ranging from southern Canada to northern Florida during the breeding season, and from southern Florida to northern South America d', NULL),
(10247, 'Setophaga ruticilla', 1353, 'The <b>American Redstart</b> (<i>Setophaga ruticilla</i>) is a New World warbler. It is unrelated to the Old World redstarts. It derives its name from the male''s red tail, <i>start</i> being an old word for tail.', NULL),
(10274, 'Pheucticus melanocephalus', 1217, 'The <b>Black-headed Grosbeak</b> (<i>Pheucticus melanocephalus</i>) is a medium-size seed-eating bird in the same family as the Northern Cardinal, the Cardinalidae. It is sometimes considered conspecific with the Rose-breasted Grosbeak, <i>P. ludovicianus', NULL),
(10411, 'Loxia curvirostra', 584, 'The <b>red crossbill</b> (<i>Loxia curvirostra</i>) is a small passerine bird in the finch family Fringillidae, also known as the <b>common crossbill</b> in Eurasia. Crossbills have distinctive mandibles, crossed at the tips, which enable them to extract ', NULL),
(10479, 'Chondestes grammacus', 1258, 'The <b>lark sparrow</b> (<i>Chondestes grammacus</i>) is a fairly large American sparrow. It is the only member of the genus <i>Chondestes</i>.', NULL),
(11935, 'Tachycineta bicolor', 2919, 'The <b>Tree Swallow</b> (<i>Tachycineta bicolor</i>) is a migratory passerine bird that breeds in North America and winters in Mexico, Central America and the Caribbean. It is a very rare vagrant to western Europe.', NULL),
(12727, 'Turdus migratorius', 12755, 'The <b>American Robin</b> (<i>Turdus migratorius</i>), also known as the <b>robin</b>, is a migratory songbird of the thrush family. It is named after the European Robin because of its reddish-orange breast, though the two species are not closely related,', NULL),
(12878, 'Catharus ustulatus', 701, '<b>Swainson''s Thrush</b> (<i>Catharus ustulatus</i>), also called <b>Olive-backed Thrush</b>, is a medium-sized thrush. It is a member of <i>Catharus</i> genus and is typical of it in terms of its subdued coloration and beautiful voice. Swainson''s Thrush ', NULL),
(12937, 'Sialia mexicana', 2319, 'The <b>western bluebird</b> (<i>Sialia mexicana</i>) is a small thrush, about 15 to 18cm (5.9 to 7.1in) in length. Adult males are bright blue on top and on the throat with an orange breast and sides, a brownish patch on back, and a gray belly and under', NULL),
(12942, 'Sialia sialis', 4007, 'The <b>eastern bluebird</b> (<i>Sialia sialis</i>) is a small thrush found in open woodlands, farmlands, and orchards. It is the state bird of Missouri and New York.', NULL),
(13141, 'Monticola solitarius', 196, 'The <b>blue rock thrush</b> (<i>Monticola solitarius</i>) is a species of chat. This thrush-like Old World flycatcher was formerly placed in the family Turdidae.', NULL),
(13858, 'Passer domesticus', 15735, 'The <b>house sparrow</b> (<i>Passer domesticus</i>) is a bird of the sparrow family Passeridae, found in most parts of the world. A small bird, it has a typical length of 16cm (6.3in) and a weight of 2439.5g (0.851.39oz). Females and young birds are', NULL),
(13881, 'Lonchura', 608, '<i><b>Lonchura</b></i> is a genus of the estrildid finch family, and includes <b>munias</b> (or <b>minias</b>), <b>mannikins</b>, and <b>silverbills</b>. They are resident breeding birds in Africa and in South Asia from India and Sri Lanka east to Indones', NULL),
(14388, 'Pitta brachyura', 10, 'The <b>Indian Pitta</b> (<i>Pitta brachyura</i>) is a medium-sized passerine bird. It breeds mainly in the sub-Himalayas and winters in southern India and Sri Lanka. These birds are found in thick undergrowth and are often more easily detected by their ca', NULL),
(15018, 'Melanoptila glabrirostris', 68, 'The <b>Black Catbird</b> (<i>Melanoptila glabrirostris</i>) is a songbird species in the monotypic genus <i><b>Melanoptila</b></i> of the family Mimidae. At 24grams and 20cm, it is the smallest mimid.', NULL),
(17013, 'Sayornis nigricans', 4327, 'The <b>Black Phoebe</b> (<i>Sayornis nigricans</i>) is a passerine bird in the tyrant-flycatcher family. It breeds from southwest Oregon and California south through Central and South America. It occurs year-round throughout most of its range and migrates', NULL),
(17693, 'Picoides borealis', 96, 'The <b>Red-cockaded Woodpecker</b> (<i>Picoides borealis</i>) is a woodpecker found in southeastern North America.', NULL),
(18205, 'Melanerpes carolinus', 4831, 'The <b>Red-bellied Woodpecker</b> (<i>Melanerpes carolinus</i>) is a medium-sized woodpecker of the Picidae family. It breeds in southern Canada and the northeastern United States, ranging as far south as Florida and as far west as Texas. Its common name ', NULL),
(18209, 'Melanerpes formicivorus', 2529, 'The <b>Acorn Woodpecker</b> (<i>Melanerpes formicivorus</i>) is a medium-sized woodpecker, 21cm long with an average weight of 85g.', NULL),
(18236, 'Colaptes auratus', 5106, 'The <b>Northern Flicker</b> (<i>Colaptes auratus</i>) is a medium-sized member of the woodpecker family. It is native to most of North America, parts of Central America, Cuba, the Cayman Islands, and is one of the few woodpecker species that migrate. Ther', NULL),
(18515, 'Selenidera spectabilis', 3, 'The <b>Yellow-eared Toucanet</b> (<i>Selenidera spectabilis</i>) is a species of bird in the Ramphastidae family. It is found in humid forests in Central America and the Choc. A somewhat aberrant member of the genus <i>Selenidera</i>, it is relatively la', NULL),
(18833, 'Aulacorhynchus prasinus', 126, 'The <b>Emerald Toucanet</b> (<i>Aulacorhynchus prasinus</i>) is a near-passerine bird occurring in mountainous regions from Mexico, through Central America, to northern Venezuela and along the Andes as far south as central Bolivia. Some taxa currently inc', NULL),
(19005, 'Amazona farinosa', 58, 'The <b>Mealy Amazon</b> or <b>Mealy Parrot</b> (<i>Amazona farinosa</i>) is among the largest parrots in the <i>Amazona</i> genus, the Amazon parrots. It is a mainly green parrot with a total length of 3841cm (1516in). It is endemic to tropical Centra', NULL),
(19577, 'Chordeiles minor', 627, 'The <b>common nighthawk</b> (<i>Chordeiles minor</i>) is a medium-sized crepuscular or nocturnal bird within the nightjar family, whose presence and identity are best revealed by its vocalization. Typically dark (grey, black and brown), displaying cryptic', NULL),
(19893, 'Strix varia', 1737, 'The <b>Barred Owl</b> (<i>Strix varia</i>) is a large typical owl native to North America. Best known as the <b>Hoot Owl</b> for its distinctive call, it goes by many other names, including <b>Eight Hooter</b>, <b>Rain Owl</b>, <b>Wood Owl</b>, and <b>Str', NULL),
(20307, 'Asio otus', 384, 'The <b>long-eared owl</b> (<i>Asio otus</i>, previously <i>Strix otus</i>) is a species of owl which breeds in Europe, Asia, and North America. This species is a part of the larger grouping of owls known as typical owls, family Strigidae, which contains m', NULL),
(24255, 'Pseudacris maculata', 201, 'The <b>boreal chorus frog</b> (<i>Pseudacris maculata</i>) is a species of chorus frog native to Canada from the west of Lake Superior to western Alberta and north to the Northwest Territories. It occurs in the USA throughout Montana, northwestern Wiscons', NULL),
(24495, 'Bombina bombina', 31, 'The <b>European Fire-bellied Toad</b> (<i>Bombina bombina</i>) is a fire-bellied toad native to mainland Europe.', NULL),
(26159, 'Alligator mississippiensis', 2404, 'The <b>American alligator</b> (<i>Alligator mississippiensis</i>), sometimes referred to colloquially as a <b>gator</b> or <b>common alligator</b>, is a large crocodilian reptile endemic to the southeastern United States. It is one of two living species i', NULL),
(26754, 'Ambystoma macrodactylum', 260, 'The <b>long-toed salamander</b> (<i><b>Ambystoma macrodactylum</b></i>, Baird 1849) is a mole salamander in the family Ambystomatidae. This species, typically 4.18.9cm (1.6 to 3.5 in) long when mature, is characterized by its mottled black, brown, and y', NULL),
(27186, 'Plethodon cinereus', 2369, 'The <b>red back</b> (or <b>redback</b> or <b>red-backed</b>) <b>salamander</b> (<i><b>Plethodon cinereus</b></i>) is a small, hardy woodland salamander. It inhabits wooded slopes in eastern North America, west to Missouri, south to North Carolina, and nor', NULL),
(27726, 'Salamandra salamandra', 727, 'The <b>fire salamander</b> (<i>Salamandra salamandra</i>) is possibly the best-known salamander species in Europe.', NULL),
(27805, 'Notophthalmus viridescens', 2103, 'The <b>eastern newt</b> (<i>Notophthalmus viridescens</i>) is a common newt of eastern North America. They frequent small lakes, ponds, and streams or near-by wet forests. They can coexist in an aquatic environment with small, noncarnivorous fish, as thei', NULL),
(28362, 'Thamnophis sirtalis', 3745, 'The <b>Common Garter Snake</b> (<i>Thamnophis sirtalis</i>) is an indigenous North American snake found widely across the continent. Most garter snakes have a pattern of yellow stripes on a brown or green background and their average length is about 55cm', NULL),
(28423, 'Thamnophis butleri', 17, '<b>Butlers garter snake</b> (<i>Thamnophis butleri</i>) is a species of garter snake in the family Colubridae. It is endemic to North America.', NULL),
(28850, 'Regina septemvittata', 90, 'The <b>queen snake</b> (<i>Regina septemvittata</i>) is a species of nonvenomous snake, a member of the colubrid family of snakes. It is endemic to North America.', NULL),
(29044, 'Pituophis catenifer', 3481, '<i><b>Pituophis catenifer</b></i> is a species of nonvenomous colubrid snake endemic to North America. Six subspecies are currently recognized, including the nominotypical subspecies, <i>Pituophis catenifer catenifer</i>, described here. This snake is oft', NULL),
(29200, 'Opheodrys aestivus', 945, '<i><b>Opheodrys aestivus</b></i>, commonly known as the <b>rough green snake</b>, is a nonvenomous North American colubrid. It is sometimes called <b>grass snake</b> or <b>green grass snake</b>, but these names are more commonly applied to the smooth gree', NULL),
(30493, 'Micrurus', 641, 'The <b>coral snakes</b> are a large group of elapid snakes that can be subdivided into two distinct groups, Old World coral snakes and New World coral snakes. There are 11 species of Old World coral snake in one genus (<i>Calliophis</i>), and over 65 reco', NULL),
(32064, 'Elgaria coerulea', 418, 'The <b>Northern Alligator Lizard</b> (<i>Elgaria coerulea</i>) is a medium-sized lizard that occurs on the North American west coast.', NULL),
(35278, 'Iguanidae', 5170, 'The <b>Iguanidae</b> are a family of lizards composed of iguanas and related species.', NULL),
(35347, 'Amblyrhynchus cristatus', 195, 'The <b>marine iguana</b> (<i>Amblyrhynchus cristatus</i>) is an iguana found only on the Galpagos Islands that has the ability, unique among modern lizards, to live and forage in the sea, making it a marine reptile. The iguana can dive over 9m (30ft) i', NULL),
(36514, 'Anolis carolinensis', 4285, 'The <b>Carolina anole</b> (<i>Anolis carolinensis</i>) is an arboreal lizard found primarily in the southeastern United States and some Caribbean islands. Other common names include the <b>green anole</b>, <b>American anole</b> and <b>red-throated anole</', NULL),
(37224, 'Chalcides ocellatus tiligugu', 11, '<i><b>Chalcides ocellatus</b></i>, or <b>ocellated skink</b> (also known as <b>eyed skink</b> or <b>gongilo</b>) is a species of skink found in Greece, southern Italy, Malta, and parts of northern Africa.', NULL),
(37763, 'Plestiodon', 3601, '<i><b>Plestiodon</b></i> is the name for a genus of lizards formerly referred to as <i>Eumeces</i>, except those now placed in <i>Mesoscincus</i>.', NULL),
(39532, 'Testudines', 31873, '<b>Turtles</b> are reptiles of the order <b>Chelonii</b> or <b>Testudines</b> characterised by a special bony or cartilaginous shell developed from their ribs and acting as a shield.<b>Turtle</b> may refer to the chelonian order as a whole (American Engli', NULL),
(39659, 'Chelonia mydas', 1423, 'The <b>green sea turtle</b> (<i>Chelonia mydas</i>), also known as the <b>green turtle</b>, <b>black (sea) turtle</b>, or <b>Pacific green turtle</b>, is a large sea turtle of the family Cheloniidae. It is the only species in the genus <i><b>Chelonia</b><', NULL),
(39682, 'Chelydra serpentina', 2762, 'The <b>common snapping turtle</b> (<i>Chelydra serpentina</i>) is a large freshwater turtle of the family Chelydridae. Its natural range extends from southeastern Canada, southwest to the edge of the Rocky Mountains, as far east as Nova Scotia and Florida', NULL),
(39771, 'Chrysemys picta', 3214, 'The <b>painted turtle</b> (<i><b>Chrysemys picta</b></i>) is the most widespread native turtle of North America. It lives in slow-moving fresh waters, from southern Canada to Louisiana and northern Mexico, and from the Atlantic to the Pacific. The turtle ', NULL),
(39773, 'Chrysemys picta bellii', 189, 'The <b>painted turtle</b> (<i><b>Chrysemys picta</b></i>) is the most widespread native turtle of North America. It lives in slow-moving fresh waters, from southern Canada to Louisiana and northern Mexico, and from the Atlantic to the Pacific. The turtle ', NULL),
(39775, 'Chrysemys picta picta', 641, 'The <b>painted turtle</b> (<i><b>Chrysemys picta</b></i>) is the most widespread native turtle of North America. It lives in slow-moving fresh waters, from southern Canada to Louisiana and northern Mexico, and from the Atlantic to the Pacific. The turtle ', NULL),
(39814, 'Terrapene carolina', 2921, 'The <b>common box turtle</b> (<i>Terrapene carolina</i>) is a species of box turtle with six existing subspecies. It is found throughout the eastern United States and Mexico. The box turtle has a distinctive hinged lowered shell (the box) that allows it t', NULL),
(41673, 'Nasua narica', 1091, 'The <b>white-nosed coati</b> (<i>Nasua narica</i>) is a species of coati and a member of the family Procyonidae (raccoons and relatives). Local names include <i><b>pizote</b></i>, <i><b>antoon</b></i>, and <i><b>tejn</b></i>. The last, which mainly is us', NULL),
(41740, 'Zalophus californianus', 1544, 'The <b>California sea lion</b> (<i>Zalophus californianus</i>) is a coastal eared seal native to western North America. It is one of five species of sea lion. Its natural habitat ranges from southeast Alaska to central Mexico, including the Gulf of Califo', NULL),
(41815, 'Mustela nivalis', 124, 'The <b>least weasel</b> (<i>Mustela nivalis</i>), or simply <b>weasel</b> in the UK, is the smallest member of the genus <i>Mustela</i> and of the family Mustelidae (as well as the smallest of the Carnivora), native to Eurasia, North America and North Afr', NULL),
(41964, 'Panthera leo', 559, 'The <b>lion</b> (<i>Panthera leo</i>) is one of the four big cats in the genus <i>Panthera</i> and a member of the family Felidae. With some males exceeding 250kg (550lb) in weight, it is the second-largest living cat after the tiger. Wild lions current', NULL),
(42051, 'Canis latrans', 7061, 'The <b>coyote</b> (US /ka?''o?ti?/ or /''ka?.o?t/, UK /k??''jo?te?/, or /k??''jo?t/;<i>Canis latrans</i>), also known as the <b>American jackal</b>, <b>brush wolf</b>, or the <b>prairie wolf</b>, is a species of canine found throughout North and Central Ameri', NULL),
(42220, 'Odocoileus hemionus', 5451, 'The <b>mule deer</b> (<i>Odocoileus hemionus</i>) is a deer indigenous to western North America; it is named for its ears, which are large like those of the mule. There are believed to be several subspecies, including the <b>black-tailed deer</b>. However', NULL),
(42347, 'Rupicapra rupicapra', 380, 'The <b>chamois</b> (<i>Rupicapra rupicapra</i>) is a goat-antelope species native to mountains in Europe, including the Carpathian Mountains of Romania, the European Alps, the Tatra Mountains, the Balkans, parts of Turkey, and the Caucasus. The chamois ha', NULL),
(42357, 'Capra ibex', 485, 'The <b>Alpine ibex</b> (<i>Capra ibex</i>), also known as the <b>steinbock</b> or <b>bouquetin</b>, is a species of wild goat that lives in the mountains of the European Alps. It is a sexually dimorphic species with larger males who carry larger, curved h', NULL),
(43112, 'Sylvilagus bachmani', 566, 'The <b>brush rabbit</b> (<i>Sylvilagus bachmani</i>), or <b>western brush rabbit</b>, is a species of cottontail rabbit found in western coastal regions of North America, from the Columbia River in Oregon to the southern tip of the Baja California peninsu', NULL),
(43115, 'Sylvilagus audubonii', 1765, 'The <b>desert cottontail</b> (<i>Sylvilagus audubonii</i>), also known as <b>Audubon''s cottontail</b>, is a New World cottontail rabbit; a member of the family Leporidae.', NULL),
(43132, 'Lepus americanus', 530, 'The <b>snowshoe hare</b> (<i>Lepus americanus</i>), also called the <b>varying hare</b>, or <b>snowshoe rabbit</b>, is a species of hare found in North America. It has the name "snowshoe" because of the large size of its hind feet. The animal''s feet preve', NULL),
(43411, 'Ateles geoffroyi', 312, '<b>Geoffroy''s spider monkey</b> (<i>Ateles geoffroyi</i>), also known as <b>black-handed spider monkey</b>, is a species of spider monkey, a type of New World monkey, from Central America, parts of Mexico and possibly a small portion of Colombia. There ar', NULL),
(44395, 'Peromyscus leucopus', 208, 'The <b>white-footed mouse</b> (<i>Peromyscus leucopus</i>) is a rodent native to North America from Ontario, Quebec, Labrador, and the Maritime Provinces (excluding the island of Newfoundland) to the southwest USA and Mexico. In the Maritimes, its only lo', NULL),
(46018, 'Sciurus aberti', 180, '<b>Abert''s squirrel</b> (or <b>tassel-eared squirrel</b>) (<i>Sciurus aberti</i>) is a tree squirrel in the genus <i>Sciurus</i> endemic to the Rocky Mountains from United States to Mexico, with concentrations found in Arizona, The Grand Canyon, New Mexic', NULL),
(46175, 'Cynomys', 804, '<b>Prairie dogs</b> (genus <i><b>Cynomys</b></i>) are burrowing rodents native to the grasslands of North America. The five different species of prairie dogs are: black-tailed, white-tailed, Gunnison''s, Utah, and Mexican prairie dogs. They are a type of g', NULL),
(46179, 'Cynomys ludovicianus', 504, 'The <b>black-tailed prairie dog</b> (<i>Cynomys ludovicianus</i>), is a rodent of the family Sciuridae found in the Great Plains of North America from about the USA-Canada border to the USA-Mexico border. Unlike some other prairie dogs, these animals do n', NULL),
(46210, 'Tamias', 3520, '<b>Chipmunks</b> are small, striped rodents of the family Sciuridae. All species of chipmunks are found in North America, with the exception of the Siberian chipmunk, which is found in Asia.', NULL),
(47118, 'Araneae', 83484, '<b>Spiders</b> (order <b>Araneae</b>) are air-breathing arthropods that have eight legs and chelicerae with fangs that inject venom. They are the largest order of arachnids and rank seventh in total species diversity among all other groups of organisms. S', NULL),
(47125, 'Magnoliophyta', 1491269, 'The <b>flowering plants</b> (<b>angiosperms</b>), also known as <b>Angiospermae</b> Lindl. or <b>Magnoliophyta</b>, are the most diverse group of land plants. Angiosperms are seed-producing plants like the gymnosperms and can be distinguished from the gym', NULL),
(47126, 'Plantae', 1711213, '<b>Plants</b>, also called <b>green plants</b> (<b>Viridiplantae</b> in Latin), are multicellular eukaryotes of the kingdom <b>Plantae</b>. They form a clade that includes the flowering plants, conifers and other gymnosperms, ferns, clubmosses, hornworts,', NULL),
(47157, 'Lepidoptera', 524747, '<b>Lepidoptera</b> (/?l?p?''d?pt?r?/ <i>lep-i-<b>DOP</b>-t?r-?</i>) is a large order of insects that includes moths and butterflies (both called <b>lepidopterans</b>). It is one of the most widespread and widely recognizable insect orders in the world, enc', NULL),
(47158, 'Insecta', 1070775, '<b>Insects</b> (from Latin <i>insectum</i>, a calque of Greek ??t??? , "cut into sections") are a class of invertebrates within the arthropod phylum that have a chitinous exoskeleton, a three-part body (head, thorax and abdomen), three pairs of jointed l', NULL),
(47167, 'Agaricales', 64919, 'The fungal order <b>Agaricales</b>, also known as <b>gilled mushrooms</b> (for their distinctive gills) or <b>euagarics</b>, contains some of the most familiar types of mushrooms. The order has 33 extant families, 413 genera, and over 13000 described spec', NULL),
(47170, 'Fungi', 214837, 'A <b>fungus</b> (/''f??g?s/; plural: fungi or funguses) is a member of a large group of eukaryotic organisms that includes microorganisms such as yeasts and molds (British English: moulds), as well as the more familiar mushrooms. These organisms are classi', NULL),
(47204, 'Brassicaceae', 28316, 'The <b>Brassicaceae</b>, a medium-sized and economically important family of flowering plants (Angiosperms), are informally known as the mustards, mustard flowers, the <b>crucifers</b> or the <b>cabbage family</b>.', NULL),
(47351, 'Prunus', 8400, '<i><b>Prunus</b></i> is a genus of trees and shrubs, which includes the plums, cherries, peaches, nectarines, apricots and almonds. Around 430 species are spread throughout the northern temperate regions of the globe. Many members of the genus are widely ', NULL),
(47404, 'Pterophoridae', 2817, 'The <b>Pterophoridae</b> or <b>plume moths</b> are a family of Lepidoptera with unusually modified wings. Though they belong to the Apoditrysia like the larger moths and the butterflies, unlike these they are tiny and were formerly included among the asse', NULL),
(47485, 'Stylommatophora', 26110, '<b>Stylommatophora</b> is a taxon of air-breathing land snails and slugs, terrestrial pulmonate gastropod molluscs. This taxon is currently considered to be a clade. It was previously regarded as an infraorder (also sometimes was considered to be an order', NULL),
(47604, 'Asteraceae', 178473, '<b>Asteraceae</b> or <b>Compositae</b> (commonly referred to as the <b>aster</b>, <b>daisy</b>, or <b>sunflower family</b>) is an exceedingly large and widespread family of Angiospermae. The group has more than 23,000 currently accepted species, spread ac', NULL),
(47726, 'Acer negundo', 1911, '<i><b>Acer negundo</b></i> is a species of maple native to North America. <b>Box elder</b>, <b>boxelder maple</b>, and <b>maple ash</b> are its most common names in the United States.', NULL),
(47746, 'Equisetum', 3341, '<i><b>Equisetum</b></i> (/??kw?''si?t?m/; <b>horsetail</b>, <b>snake grass</b>, <b>puzzlegrass</b>) is the only living genus in Equisetaceae, a family of vascular plants that reproduce by spores rather than seeds.', NULL),
(47902, 'Opuntia', 10283, '<i><b>Opuntia</b></i>, also known as nopales or paddle cactus (see below), is a genus in the cactus family, Cactaceae.', NULL),
(47903, 'Cactaceae', 38398, 'A <b>cactus</b> (plural: <i>cacti</i>, <i>cactuses</i>, or <i>cactus</i>) is a member of the plant family <b>Cactaceae</b>, within the order Caryophyllales. The word "cactus" derives, through Latin, from the Ancient Greek ???t?? (<i>kaktos</i>), a name or', NULL),
(47922, 'Nymphalidae', 107414, '<b>Nymphalidae</b> is the largest family of butterflies with about 6,000 species distributed throughout most of the world. These are usually medium sized to large butterflies. Most species have a reduced pair of forelegs and many hold their colourful wing', NULL),
(47934, 'Libellula luctuosa', 2264, 'The <b>Widow Skimmer</b> (<i>Libellula luctuosa</i>) is one of the group of dragonflies known as king skimmers. The species can be found commonly across much of the United States (except in the higher Rocky Mountains areas) and in southern Ontario and Que', NULL),
(48011, 'Ephemeroptera', 3225, '<b>Mayflies</b> or <b>shadflies</b> are insects belonging to the order <b>Ephemeroptera</b> (from the Greek <i>ef?e???</i>, <i>ephemeros</i> = "short-lived" (literally "lasting a day" "daily" or "day-long"), and <i>pte???</i>, <i>pteron</i> = "wing", ref', NULL),
(48159, 'Centaurea cyanus', 217, '<i><b>Centaurea cyanus</b></i>, commonly known as <b>cornflower</b>, <b>bachelor''s button</b>, <b>bluebottle</b>, <b>boutonniere flower</b>, <b>hurtsickle</b> or <b>cyani flower</b>, is an annual flowering plant in the family Asteraceae, native to Europe.', NULL),
(48220, 'Phaeophyceae', 5994, 'The <b>Phaeophyceae</b> or <b>brown algae</b> (singular: <i>alga</i>), is a large group of mostly marine multicellular algae, including many seaweeds of colder Northern Hemisphere waters. They play an important role in marine environments, both as food an', NULL),
(48302, 'Limulus polyphemus', 416, 'The <b>Atlantic horseshoe crab</b>, <i><b>Limulus polyphemus</b></i>, is a marine chelicerate arthropod. Despite its name, it is more closely related to spiders, ticks, and scorpions than to crabs. Horseshoe crabs are most commonly found in the Gulf of Me', NULL),
(48427, 'Boletales', 8703, 'The <b>Boletales</b> are an order of <b>Agaricomycetes</b> containing over 1300 species with a diverse array of fruiting body types. The boletes are the best known members of this group, and until recently, the Boletales were thought to only contain bolet', NULL),
(48807, 'Umbellularia californica', 1479, '<i><b>Umbellularia californica</b></i> is a large hardwood tree native to coastal forests of California and slightly extended into the state of Oregon. It is endemic to the California Floristic Province. It is the sole species in the genus <i><b>Umbellula', NULL),
(49053, 'Cryptochiton stelleri', 334, 'The <b>gumboot chiton</b>, <i>Cryptochiton stelleri</i>, also known as the <b>Giant Western Firey Chiton</b>, is the largest of the chitons, growing to 36cm (14in) and over 2000grams. It is found along the shores of the northern Pacific Ocean from Cent', NULL),
(49230, 'Amelanchier', 1525, '<i><b>Amelanchier</b></i> (/m?''ln???r/ <i>am-?-<b>LAN</b>-sheer</i>), also known as <b>shadbush</b>, <b>shadwood</b> or <b>shadblow</b>, <b>serviceberry</b> or <b>sarvisberry</b>, <b>wild pear</b>, <b>juneberry</b>, <b>saskatoon</b>, <b>sugarplum</b> or', NULL),
(49463, 'Trillium ovatum', 856, '<i><b>Trillium ovatum</b></i>, the <b>Western Wake Robin</b>, <b>Pacific Trillium</b>, or <b>Western White Trillium</b>, is a member of the Trilliaceae family, or sometimes included within the Liliaceae or Melanthiaceae. It occurs in parts of the western ', NULL),
(49868, 'Aquilegia canadensis', 843, '<i><b>Aquilegia canadensis</b></i> (<b>Canadian</b> or <b>Canada columbine</b>, <b>Eastern red columbine</b>, <b>Wild columbine</b>) is an herbaceous perennial native to woodland and rocky slopes in eastern North America, prized for its red and yellow flo', NULL),
(49877, 'Clematis', 4129, '<i><b>Clematis</b></i> (KLEma-tis) is a genus of about 300 species within the buttercup family Ranunculaceae. Their garden hybrids have been popular among gardeners, beginning with <i>Clematis  jackmanii</i>, a garden standby since 1862; more hybrid cult', NULL),
(49973, 'Papilioninae', 20031, '<b>Papilioninae</b> is a subfamily of the butterfly family Papilionidae. Papilioninae occurs world wide with most of the species being found in the tropics. There are roughly 480 species, of which 27 occur in North America.', NULL),
(50001, 'Terrapene carolina carolina', 1152, 'The <b>Eastern box turtle</b> <i><b>(Terrapene carolina carolina)</b></i> is a subspecies within a group of hinge-shelled turtles, normally called box turtles. <i>T. c. carolina</i> is native to an eastern part of the United States.', NULL),
(50632, 'Delphinium variegatum', 118, '<i><b>Delphinium variegatum</b></i> is a species of larkspur known by the common name <b>Royal larkspur</b>. It is endemic to California, where it grows in mountains, valley and coast in woodlands and grasslands. On the forest floor of California oak wood', NULL),
(50708, 'Corallorhiza striata', 174, '<i><b>Corallorhiza striata</b></i> is a species of orchid known by the common names <b>striped coralroot</b> and <b>hooded coralroot</b>. This flowering plant is native to much of North America, especially Canada and the northern and western United States', NULL),
(50710, 'Cypripedium californicum', 12, 'The <b>California lady''s slipper</b> (<i>Cypripedium californicum</i>) is a member of the orchid genus <i>Cypripedium</i>, the lady''s slipper orchids. It is native to the western United States, where it has a very restricted range and can only be found in', NULL),
(50712, 'Cypripedium montanum', 22, '<i><b>Cypripedium montanum</b></i> is a member of the orchid genus <i>Cypripedium</i>. It is commonly known as the <b>Large Lady''s Slipper</b>, <b>Mountain Lady''s Slipper</b>, <b>White Lady''s Slipper</b> as well as <b>Moccasin Flower</b>. This latter is a', NULL),
(50892, 'Euphydryas chalcedona', 835, 'The <b>Variable Checkerspot</b> or <b>Chalcedon Checkerspot</b> (<i><b>Euphydryas chalcedona</b></i>) is a butterfly in the family Nymphalidae. It is found in western North America, where its range stretches from Alaska in the north to Baja California in ', NULL),
(51085, 'Triteleia laxa', 674, '<i><b>Triteleia laxa</b></i> (previously <i>Brodiaea laxa</i>) is a triplet lily known by several common names, including <b>Ithuriel''s spear</b> and <b>grassnut</b>. It is native to California where it is a common wildflower, and it is occasionally found', NULL),
(51092, 'Quercus chrysolepis', 563, '<i><b>Quercus chrysolepis</b></i>, commonly termed <b>Canyon Live Oak</b>, or <b>Golden Cup Oak</b>, is a species of evergreen oak that is found in the southwestern part of North America, notably in the California Coast Ranges. This tree is often found ne', NULL),
(51315, 'Calochortus albus', 455, '<i><b>Calochortus albus</b></i>, also known as the <b>Globe Lily</b> or <b>Fairy Lantern</b>, as well as other names including Satin Bells, White Globe Tulip, Alabaster Tulip, and Indian Bells, is a California native plant in the <i>Calochortus</i> genus.', NULL),
(51558, 'Bombyliidae', 3501, 'The <b>Bombyliidae</b> are a family of flies. Their common name is <b>bee flies</b>. Adults generally feed on nectar and pollen, some being important pollinators. Larvae generally are parasitoids of other insects.', NULL),
(51611, 'Veronica', 5926, '<i><b>Veronica</b></i> is the largest genus in the flowering plant family Plantaginaceae, with about 500 species; it was formerly classified in the family Scrophulariaceae. Taxonomy for this genus is currently being reanalysed, with the genus <i>Hebe</i> ', NULL),
(51807, 'Aquilegia vulgaris', 155, '<i><b>Aquilegia vulgaris</b></i> L. (<b>European columbine</b>, <b>Common columbine</b>, <b>Granny''s nightcap</b>, <b>Granny''s bonnet</b>) is a species of columbine native to Europe. It is a flowering herbaceous perennial plant growing to 1.2 m tall, with', NULL),
(52354, 'Ambystoma laterale', 320, 'The <b>blue-spotted salamander</b> (<i>Ambystoma laterale</i>) is a mole salamander native to the Great Lakes states and northeastern United States, and parts of Ontario and Quebec in Canada. Their range is known to extend to James Bay to the north, and s', NULL),
(52651, 'Sarracenia purpurea', 618, '<i><b>Sarracenia purpurea</b></i>, commonly known as the <b>purple pitcher plant</b>, <b>northern pitcher plant</b>, or <b>side-saddle flower</b>, is a carnivorous plant in the family Sarraceniaceae. Its range includes almost the entire eastern seaboard o', NULL),
(52865, 'Tramea lacerata', 847, 'The <b>black saddlebags</b> (<i>Tramea lacerata</i>) is a species of skimmer dragonfly found throughout North America. It has distinctive wings with characteristic black blotches at their proximal ends, which make the dragonfly look as though it is wearin', NULL),
(52904, 'Microcrambus elegans', 464, 'The <b>Elegant Grass-veneer Moth</b> (<i>Microcrambus elegans</i>) is a moth of the Crambidae family. It is found from Ontario, Quebec and Maine to Florida, west to Texas, north to Kansas and Illinois.', NULL),
(52996, 'Collomia heterophylla', 64, '<i><b>Collomia heterophylla</b></i> is a species of flowering plant in the phlox family known by the common name <b>variableleaf collomia</b>. It is native to western North America from British Columbia to Idaho to central California, where it grows in se', NULL),
(53186, 'Potentilla', 3635, '<i><b>Potentilla</b></i> /?po?t?n''t?l?/ is a genus containing over 300species of annual, biennial and perennial herbaceous flowering plants in the rose family, Rosaceae. They are usually called <b>cinquefoils</b> in English. <i>Potentilla</i> are generall', NULL),
(53197, 'Rumex crispus', 1230, '<i><b>Rumex crispus</b></i> (<b>"curly dock"</b> or <b>"yellow dock"</b>) is a perennial flowering plant in the family Polygonaceae, native to Europe and Western Asia.', NULL),
(53582, 'Liriodendron tulipifera', 1924, '<i><b>Liriodendron tulipifera</b></i>  known as the <b>tulip tree</b>, <b>American tulip tree</b>, <b>tuliptree</b>, <b>tulip poplar</b>, <b>whitewood</b>, <b>fiddle-tree</b>, and <b>yellow poplar</b>  is the Western Hemisphere representative of the two', NULL),
(53789, 'Tiarella cordifolia', 595, '<i><b>Tiarella cordifolia</b></i> (<b>foam flower</b>, <b>heartleaved foamflower</b>, <b>Allegheny foamflower</b>, <b>false miterwort</b>, <b>coolwort</b>) is a species of herbaceous perennial flowering plant native to North America.', NULL),
(53817, 'Eleodes', 1265, 'The <b>pinacate beetle</b>, also known as the <b>stink beetle</b>, is a genus of darkling beetle endemic to the Sonoran Desert and adjacent regions of the U.S. Southwest and Mexico, usually the species <i>Eleodes obscurus</i>. The name is also loosely app', NULL),
(53897, 'Stenopelmatidae', 965, '<b>Jerusalem crickets</b> are a group of large, flightless insects of the genus <i>Stenopelmatus</i>. They are native to the western United States and parts of Mexico. Its large, human-like head has inspired both Native American and Spanish names.', NULL),
(54468, 'Aglais urticae', 640, 'The <b>Small Tortoiseshell</b> (<i>Aglais urticae</i> L.) is a colourful and well-known Eurasian butterfly in the family Nymphalidae.', NULL),
(54840, 'Populus tremuloides', 1345, '<i><b>Populus tremuloides</b></i> is a deciduous tree native to cooler areas of North America, one of several species referred to by the common name Aspen. It is commonly called <b>quaking aspen</b>, <b>trembling aspen</b>, <b>American aspen</b>, <b>Quaki', NULL),
(54854, 'Tilia americana', 1112, '<i><b>Tilia americana</b></i> is a species of <i>Tilia</i> native to eastern North America, from southeast Manitoba east to New Brunswick, southwest to northeast Texas, and southeast to South Carolina, and west along the Niobrara River to Cherry County, N', NULL),
(55483, 'Fuligo septica', 641, '<i><b>Fuligo septica</b></i> is a species of plasmodial slime mold, and a member of the Myxomycetes class. It is commonly known as the <b>dog vomit slime mold</b> or <b>scrambled egg slime</b> because of its peculiar yellowish, bile-colored appearance. A ', NULL),
(56224, 'Caltha palustris', 963, '<i><b>Caltha palustris</b></i> (<b>kingcup</b>, <b>marsh marigold</b>) is a perennial herbaceous plant of the family Ranunculaceae, native to marshes, fens, ditches and wet woodland in temperate regions of the Northern Hemisphere.', NULL),
(56744, 'Keckiella', 461, '<i><b>Keckiella</b></i> is a genus of plants in the plantain family. It includes several species of plants known commonly as <b>keckiellas</b>. A few species may be called <b>beardtongues</b> or <b>penstemons</b> because some keckiellas once belonged to g', NULL),
(56832, 'Nymphalis antiopa', 2081, '<i><b>Nymphalis antiopa</b></i>, known as the <b>Mourning Cloak</b> in North America and the <b>Camberwell Beauty</b> in Britain, is a large butterfly native to Eurasia and North America. See also Anglewing butterflies.', NULL),
(56840, 'Sanicula bipinnatifida', 425, '<i><b>Sanicula bipinnatifida</b></i> is a species of flowering plant in the parsley family known by the common names <b>purple sanicle</b>, <b>purple blacksnakeroot</b>, and <b>shoe buttons</b>. It is native to the west coast of North America from British', NULL),
(57152, 'Orobanche fasciculata', 170, '<i><b>Orobanche fasciculata</b></i> is a species of broomrape known by the common name <b>clustered broomrape</b>. It is native to much of western and central North America from Alaska to northern Mexico to the Great Lakes region, where it grows in many t', NULL),
(57157, 'Briza maxima', 436, '<i><b>Briza maxima</b></i> is a species of the grass genus <i>Briza</i>. It is native to Northern Africa, the Azores, Western Asia, and Southern Europe and is cultivated or naturalised in the British Isles, Australasia, the western United States, Central ', NULL),
(57267, 'Castilleja latifolia', 62, '<i><b>Castilleja latifolia</b></i> is a species of Indian paintbrush known by the common name <b>Monterey Indian paintbrush</b>.', NULL),
(57388, 'Chelonoidis', 272, '<i><b>Chelonoidis</b></i> is a genus of turtles in the tortoise family. They are found in South America and the Galpagos Islands. They were formerly assigned to <i>Geochelone</i>, but a recent comparative genetic analysis has indicated that they are actu', NULL),
(57727, 'Iris tenax', 61, '<i><b>Iris tenax</b></i> is a species of Iris native to southwestern Washington and northwestern Oregon. It is known as the <b>tough-leaved iris</b> or <b>Oregon iris</b>. It occurs along roadsides and in grasslands and forest openings at low to middle el', NULL);
INSERT INTO `taxons` (`idTaxon`, `name`, `observationCount`, `wikipedia_summary`, `TaxonPhotoUrl`) VALUES
(58112, 'Atriplex', 1625, '<i><b>Atriplex</b></i> (/''tr?pl?ks/) is a plant genus of 250300 species, known by the common names of <b>saltbush</b> and <b>orache</b> (or <b>orach</b>). It belongs to the subfamily Chenopodioideae of the family Amaranthaceae (which include the Chenopo', NULL),
(58539, 'Satyrium calanus', 232, 'The <b>Banded Hairstreak</b> (<i>Satyrium calanus</i>) is a butterfly in the family Lycaenidae.', NULL),
(58579, 'Polygonia interrogationis', 1314, 'The <b>Question Mark</b> (<i>Polygonia interrogationis</i>) is a North American nymphalid butterfly. They live in wooded areas and city parks, or generally in areas which feature trees and free spaces. The adult butterfly has a wingspan of 4.57.6cm (1.8', NULL),
(58657, 'Ameiurus natalis', 122, 'The <b>yellow bullhead</b> (<i>Ameiurus natalis</i>) is a species of bullhead catfish that is a ray-finned fish that lacks scales.', NULL),
(58695, 'Lepiota', 494, '<i><b>Lepiota</b></i> is a genus of gilled mushrooms in the family Agaricaceae. All <i>Lepiota</i> species are ground-dwelling saprotrophs with a preference for rich, calcareous soils. Basidiocarps (fruit bodies) are agaricoid with whitish spores, typical', NULL),
(59524, 'Xerophyllum tenax', 152, '<i><b>Xerophyllum tenax</b></i> is a grasslike perennial in the family Melanthiaceae, closely related to lilies. It is known by a few common names, including <b>bear grass</b>, <b>squaw grass</b>, <b>soap grass</b>, <b>quip-quip</b>, and <b>Indian basket ', NULL),
(59644, 'Pantherophis alleghaniensis', 849, '<i><b>Pantherophis alleghaniensis</b></i>, commonly called the <b>eastern ratsnake</b>, is a harmless colubrid species endemic to North America.', NULL),
(59980, 'Conopholis americana', 531, '<i><b>Conopholis americana</b></i>, <b>American cancer-root</b> or <b>squawroot</b> or <b>bear corn</b>, is a perennial, non-photosynthesizing (or "achlorophyllous") parasitic plant, from the family Orobanchaceae and more recently from the genus <i>Conoph', NULL),
(60242, 'Castilleja campestris', 21, '<i><b>Castilleja campestris</b></i> is a species of Indian paintbrush known by the common name <b>vernal pool Indian paintbrush</b>. It is native to California and southern Oregon, where it grows in seasonally moist habitat, especially vernal pools.', NULL),
(60527, 'Rhododendron occidentale', 178, '<i><b>Rhododendron occidentale</b></i>, the <b>western azalea</b> or <b>California azalea</b>, is one of two deciduous <i>Rhododendron</i> species native to western North America (the other is <i>Rhododendron albiflorum</i>). The western azalea is known t', NULL),
(60551, 'Papilio glaucus', 3481, 'The <b>Eastern Tiger Swallowtail</b> (<i>Papilio glaucus</i>) is a species of swallowtail butterfly native to North America. It is one of the most familiar butterflies in the eastern United States, where it is common in many different habitats. It flies f', NULL),
(60780, 'Operophtera brumata', 58, 'The <b>Winter Moth</b> (<i><b>Operophtera brumata</b></i>) is a moth of the family Geometridae. It is an abundant species of Europe and the Near East and one of very few Lepidoptera of temperate regions in which the adults are active in the depth of winte', NULL),
(61495, 'Erythemis simplicicollis', 3774, 'The <b>Eastern Pondhawk</b> (<i>Erythemis simplicicollis</i>), also known as the <b>Common Pondhawk</b>, is a dragonfly of the family Libellulidae, native to the eastern two-thirds of the United States and southern Ontario, Canada. The species is distingu', NULL),
(61829, 'Lilium pardalinum pardalinum', 17, '<i><b>Lilium pardalinum</b></i>, also known as the <b>leopard lily</b> or <b>panther lily</b>, is a flowering bulbous perennial plant in the genus <i>Lilium</i> which is native to Oregon and California in the United States, where it usually grows in damp ', NULL),
(62265, 'Polygala paucifolia', 206, '<i><b>Polygala paucifolia</b></i>, known as <b>gaywings</b> or <b>fringed polygala</b>, is a perennial plant of the family Polygalaceae.', NULL),
(62470, 'Limax maximus', 633, '<i><b>Limax maximus</b></i> (literally, "great slug"), known by the common names <b>great grey slug</b> and <b>leopard slug</b>, is a species of slug in the family Limacidae, the keeled slugs. It is among the largest keeled slugs, <i>Limax cinereoniger</i', NULL),
(63820, 'Vaccinium ovalifolium', 71, '<i><b>Vaccinium ovalifolium</b></i> (commonly known as <b>Alaska blueberry</b>, <b>early blueberry</b>, <b>oval-leaf bilberry</b>, <b>oval-leaf blueberry</b>, and <b>oval-leaf huckleberry</b>) is a plant in the heath family having three varieties, all of ', NULL),
(64119, 'Opuntia ficus-indica', 414, '<i><b>Opuntia ficus-indica</b></i> is a species of cactus that has long been a domesticated crop plant important in agricultural economies throughout arid and semiarid parts of the world. It is thought to possibly be native to Mexico. Some of the common E', NULL),
(64330, 'Calochortus argillosus', 40, '<i><b>Calochortus argillosus</b></i> is a species of flowering plant in the lily family which is known by the common name <b>clay mariposa lily</b>. It is endemic to coastal central California, where it grows in hard clay soils in the local mountains. Thi', NULL),
(64968, 'Anaxyrus americanus', 3249, 'The <b>American toad</b> (<i>Bufo americanus</i>) is a common species of toad found throughout the eastern United States and Canada. It is divided into three subspeciesthe <b>eastern American toad</b> (<i>B. a. americanus</i>), the <b>dwarf American toad', NULL),
(66012, 'Lithobates sylvaticus', 1524, 'The <b>wood frog</b> (<i>Lithobates sylvaticus</i>) has a broad distribution over North America, extending from the southern Appalachians to the boreal forest with several notable disjunct populations including lowland eastern North Carolina. The wood fro', NULL),
(68190, 'Echinocereus', 2766, '<i><b>Echinocereus</b></i> is a genus of ribbed, usually small to medium-sized cylindrical cacti, comprising about 70 species native to the southern United States and Mexico in very sunny rocky places. Usually the flowers are large and the fruit edible.', NULL),
(68229, 'Tramea carolina', 174, '<i><b>Tramea carolina</b></i>, the <b>Carolina saddlebags</b>, is a species of dragonfly native to eastern North America.', NULL),
(68884, 'Phlox subulata', 76, '<i><b>Phlox subulata</b></i> (<b>creeping phlox</b>, <b>moss phlox</b>, <b>moss pink</b>, or <b>mountain phlox</b>) is a species of flowering plant in the family Polemoniaceae, native to eastern and central USA, and widely cultivated. Growing to 15cm (6', NULL),
(71212, 'Testudo hermanni', 201, '<b>Hermann''s tortoise</b> (<i><b>Testudo hermanni</b></i>) is one of five tortoise species traditionally placed in the genus <i>Testudo</i>, which also includes the well-known marginated tortoise (<i>T. marginata</i>), Greek tortoise (<i>T. graeca</i>), a', NULL),
(72520, 'Ara severus', 19, 'The <b>Chestnut-fronted Macaw</b> or <b>Severe Macaw</b> (<i>Ara severus</i>) is one of the largest of the Mini-Macaws. It reaches a size of around 45cm (18in) of which around half is the length of the tail.', NULL),
(73788, 'Plestiodon fasciatus', 1180, 'The <b>(American) five-lined skink</b> (<i>Plestiodon fasciatus</i>) is a species of lizard endemic to North America. It is one of the most common lizards in the eastern U.S. and one of the seven native species of lizards in Canada.', NULL),
(73823, 'Hierophis viridiflavus', 467, 'The <b>green whip snake</b> or <b>western whip snake</b> (<i><b>Hierophis viridiflavus</b></i>) is a species of snake in the Colubridae family.', NULL),
(75759, 'Bergerocactus emoryi', 77, '<i><b>Bergerocactus emoryi</b></i> (<b>golden cereus</b>, <b>golden-spined cereus</b>, <b>golden snakecactus</b>) is a species of cactus. It is the sole member of the genus <i><b>Bergerocactus</b></i>, named after Alwin Berger. The plant is also known as ', NULL),
(76451, 'Corydalis aurea', 75, '<i><b>Corydalis aurea</b></i> (<b>Scrambled Eggs</b>, <b>Golden Smoke</b>, <b>Golden Corydalis</b>) is a winter annual native to North America.', NULL),
(77167, 'Fraxinus anomala', 33, '<i><b>Fraxinus anomala</b></i> is a species of ash tree known by the common name <b>single-leaf ash</b>. It is native to the southwestern United States and northern Mexico, where it grows in a number of habitats including desert scrub and chaparral.', NULL),
(77780, 'Linnaea borealis', 288, '<i><b>Linnaea</b></i> is a plant genus which has often been classified in the family Caprifoliaceae (the Honeysuckle family) but may be more accurately considered to belong to its own family, Linnaeaceae. The genus includes a single, generally boreal to s', NULL),
(77832, 'Lonicera ciliosa', 105, '<i><b>Lonicera ciliosa</b></i> (<b>Orange Honeysuckle</b> or <b>Western Trumpet Honeysuckle</b>) is a honeysuckle native to forests of western North America. A deciduous shrub growing to 6m (20ft) tall with hollow twigs, the leaves are opposite, oval, 4', NULL),
(77854, 'Lupinus cervinus', 3, '<i><b>Lupinus cervinus</b></i> is a species of lupine known by the common name <b>Santa Lucia lupine</b>. It is endemic to the Santa Lucia Mountains in the Central Coast Ranges in California, where it is an uncommon member of the flora in the mountain for', NULL),
(77892, 'Lupinus stiversii', 72, '<i><b>Lupinus stiversii</b></i> is a species of lupine known by the common name <b>harlequin lupine</b>. The plant was named for Army physician Dr. Charles Austin Stivers, who first collected it in 1862 near Yosemite.', NULL),
(77956, 'Mammillaria tetrancistra', 94, '<i><b>Mammillaria tetrancistra</b></i> is a species of fishhook cactus known by the common name <b>common fishhook cactus</b>. It is native to the Mojave and Sonoran Deserts of northern Mexico and the southwestern United States, where it grows in a variet', NULL),
(78662, 'Pogogyne floribunda', 1, '<i><b>Pogogyne floribunda</b></i> is a species of flowering plant in the mint family known by the common name <b>profuseflower mesa mint</b>. It is native to the Modoc Plateau and surrounding basin habitat in the northeastern corner of California. It is k', NULL),
(78752, 'Prunus andersonii', 19, '<i><b>Prunus andersonii</b></i> is a species of shrub in the rose family, part of the same genus as the peach, cherry, and almond. Its common names include <b>desert peach</b> and <b>desert almond</b>. It is native to eastern California and western Nevada', NULL),
(78854, 'Ribes cereum', 128, '<i><b>Ribes cereum</b></i> is a species of currant known by the common names <b>wax currant</b> and <b>squaw currant</b> (<i>R. c.</i> var. <i>pedicellare</i> is known as <b>whisky currant</b>). It is native to western North America, including British Col', NULL),
(79047, 'Senecio integerrimus', 93, '<i><b>Senecio integerrimus</b></i> is a species of flowering plant in the aster family known by the common names <b>lambstongue ragwort</b> and <b>tall western groundsel</b>. It is native to western and central North America, where it grows in grassland, ', NULL),
(79405, 'Trientalis latifolia', 414, '<i><b>Trientalis latifolia</b></i> (<b>Starflower</b>, <b>Pacific Starflower</b>) is a low-growing (5to30cm (2.0to12in)) perennial with 2.5to9cm (0.98to 3.5in) leaves distributed levelly in a single group.', NULL),
(81796, 'Oxalis violacea', 451, '<i><b>Oxalis violacea</b></i>, the <b>violet wood-sorrel</b>, is a perennial plant and herb in the Oxalidaceae family.<i>Oxalis</i> species are also known as sour grass, sour trefoil, and shamrock.', NULL),
(82040, 'Nygmiini', 753, 'The <b>Nygmiini</b> are a tribe of tussock moths of the Erebidae family.', NULL),
(82110, 'Rubus allegheniensis', 452, '<i><b>Rubus allegheniensis</b></i> is a species of bramble, known as <b>Allegheny blackberry</b> and simply as <b>common blackberry</b>. Like other blackberries, it is a species of flowering plant in the rose family. It is very common in eastern North Ame', NULL),
(83086, 'Eurytides marcellus', 403, 'The <b>Zebra Swallowtail</b> (<i>Protographium marcellus</i>, formerly listed under genera <i>Eurytides</i>, <i>Iphiclides</i>, <i>Graphium</i> and <i>Papilio</i> by some authorities) is a swallowtail butterfly native to the eastern United States and sout', NULL),
(83156, 'Hydrangea quercifolia', 182, '<i><b>Hydrangea quercifolia</b></i>, commonly known by its translation <b>oakleaf hydrangea</b> or <b>oak-leaved hydrangea</b>, is a species of flowering plant native to the Southeastern United States, in woodland habitats from North Carolina west to Tenn', NULL),
(83799, 'Mitchella repens', 1106, '<i><b>Mitchella repens</b></i>, or <b>partridge berry</b>, or <b>Squaw Vine</b>, is the best known plant in the genus <i>Mitchella</i>. It is a creeping prostrate herbaceous woody shrub, occurring in North America and Japan, and belonging to the madder fa', NULL),
(83843, 'Oxyopidae', 2063, '<b>Lynx spider</b> is the common name for any member of the family <b>Oxyopidae</b>. Most species make little use of webs, instead spending their lives as hunting spiders on plants. Many species frequent flowers in particular, ambushing pollinators, much ', NULL),
(84549, 'Plathemis lydia', 3191, 'The <b>Common Whitetail</b> or <b>Long-tailed Skimmer</b> (<i>Plathemis lydia</i>) is a common dragonfly across much of North America, with a striking and unusual appearance. The male''s chunky white body (about 5cm long), combined with the brownish-black', NULL),
(85402, 'Puya raimondii', 2, '<b>Puya raimondii</b>, also known as <b>Queen of the Andes</b>, is a species of bromeliad endemic to Bolivia and Peru, and whose distribution is restricted to the high Andes at an elevation of 3200  4800 m. It was the French scientist Alcide d''Orbigny (1', NULL),
(85553, 'Serpentes', 69660, '<b>Snakes</b> are elongated, legless, carnivorous reptiles of the suborder <b>Serpentes</b> that can be distinguished from legless lizards by their lack of eyelids and external ears. Like all squamates, snakes are ectothermic, amniote vertebrates covered ', NULL),
(93312, 'Acropora palmata', 94, '<b>Elkhorn coral</b> (<i>Acropora palmata</i>) is considered to be one of the most important reef-building corals in the Caribbean. This species is structurally complex with many large branches. The coral structure closely resembles that of elk antlers. T', NULL),
(96907, 'Celithemis fasciata', 162, 'The <b>Banded Pennant</b> (<i>Celithemis fasciata</i>) is a dragonfly in the skimmer family. It is native to the United States, where it is found in the south-central, southeastern, and eastern regions.', NULL),
(106653, 'Nehalennia irene', 158, '<i><b>Nehalennia irene</b></i> is a species of damselfly in the family Coenagrionidae. This species is commonly known as the <b>sedge sprite</b>.', NULL),
(108561, 'Paralichthys californicus', 21, 'The <b>California halibut</b> or <b>California flounder</b>, <i>Paralichthys californicus</i>, is a large-tooth flounder native to the waters of the Pacific Coast of North America from the Quillayute River in Washington to Magdalena Bay in Baja California', NULL),
(111752, 'Rhizoprionodon terraenovae', 13, 'The <b>Atlantic sharpnose shark</b>, <i>Rhizoprionodon terraenovae</i>, is a requiem shark of the family Carcharhinidae, found in the subtropical waters of the northwestern Atlantic Ocean between latitudes 43N and 18N,', NULL),
(116834, 'Cacatua galerita', 444, 'The <b>Sulphur-crested Cockatoo</b> (<i>Cacatua galerita</i>) is a relatively large white cockatoo found in wooded habitats in Australia and New Guinea. They can be locally very numerous, leading to them sometimes being considered pests. They are well kno', NULL),
(116999, 'Pandion haliaetus', 6000, 'The <b>Osprey</b> (<i>Pandion haliaetus</i>), sometimes known as the <b>sea hawk</b>, <b>fish eagle,</b> or <b>fish hawk</b>, is a diurnal, fish-eating bird of prey. It is a large raptor, reaching more than 60cm (24in) in length and 180cm (71in) acros', NULL),
(117152, 'Cacatua goffiniana', 7, 'The <b>Tanimbar Corella</b> (<i>Cacatua goffiniana</i>) also known as <b>Goffin''s Cockatoo</b> or <b>Goffin''s Corella</b>, is a species of cockatoo endemic to forests of Yamdena, Larat and Selaru, all islands in the Tanimbar Islands archipelago in Indones', NULL),
(118552, 'Felis catus', 2485, 'The <b>domestic cat</b> (<i><b>Felis catus</b></i> or <i><b>Felis silvestris catus</b></i>) is a small, usually furry, domesticated, and carnivorous mammal. It is often called the <b>housecat</b> when kept as an indoor pet, or simply the <b>cat</b> when t', NULL),
(119953, 'Hypoprepia fucosa', 429, 'The <b>Painted Lichen Moth</b> (<i>Hypoprepia fucosa</i>) is a species of moth of the Arctiidae family. It is found in the United States and southern Canada east of the Rocky Mountains.', NULL),
(122381, 'Cupido comyntas', 1740, 'The <b>Eastern Tailed-blue</b> or <b>Eastern Tailed Blue</b> (<i>Cupido comyntas</i>), also known as <i>Everes comyntas</i>, is a common butterfly of eastern North America. Males are generally blue on the upperside of their wings while females are lighter', NULL),
(122636, 'Omorgus', 53, '<i><b>Omorgus</b></i> is a genus of beetles of the Family Trogidae.', NULL),
(126155, 'Vespula germanica', 135, 'The <b>German wasp</b>, <b>European wasp</b>, or <b>German yellow jacket</b> (<i>Vespula germanica</i>) is a wasp found in much of the Northern Hemisphere, native to Europe, northern Africa, and temperate Asia. It has been introduced and is well-establish', NULL),
(126220, 'Polemonium viscosum', 21, '<i><b>Polemonium viscosum</b></i> (common names <b>Sky Pilot</b>, <b>Skunkweed</b>, <b>Sticky Jacobs-ladder</b>) is a flowering plant in the genus <i>Polemonium</i> native to western North America from southern British Columbia east to Montana and south t', NULL),
(126305, 'Hamelia patens', 175, '<i><b>Hamelia patens</b></i> is a large perennial shrub or small tree in the coffee family, Rubiaceae, that is native to the American subtropics and tropics. Its range extends from Florida in the southern United States to as far south as Argentina. Common', NULL),
(126765, 'Plutella xylostella', 402, 'The <b>diamondback moth</b> (<i>Plutella xylostella</i>), sometimes called <b>cabbage moth</b>, is a European moth believed to originate in the Mediterranean region that has since spread worldwide. The moth has a short life cycle (14 days at 25C), is hig', NULL),
(128040, 'Viola cucullata', 100, '<i><b>Viola cucullata</b></i> (<b>Hooded Blue Violet</b>, <b>Marsh Blue Violet</b> or <b>Purple Violet</b>) is a species of the genus <i>Viola</i> native to eastern North America, from Newfoundland west to Ontario and Minnesota, and south to Georgia.', NULL),
(128487, 'Channa argus', 22, 'The <b>northern snakehead</b> (<i>Channa argus</i>) is a type of snakehead fish native to China, Russia, North Korea, and South Korea. In the United States, the fish is considered to be a highly invasive species. In a well-known incident, several were fou', NULL),
(129487, 'Anemone acutiloba', 633, '<i><b>Anemone hepatica</b></i> (<b>Common Hepatica</b>, <b>liverwort</b>,<b>kidneywort</b>, <b>pennywort</b>) is a herbaceous perennial growing from a rhizome in the buttercup family (Ranunculaceae), native to woodland in temperate regions of the Northern', NULL),
(129557, 'Matelea carolinensis', 28, '<i><b>Matelea carolinensis</b></i> is a species of flowering plant in the dogbane family known by the common names <b>maroon Carolina milkvine</b> and <b>Carolina anglepod</b>. It is native to the southeastern United States, where it grows in open deciduo', NULL),
(130177, 'Sargassum muticum', 177, '<i><b>Sargassum muticum</b></i>, commonly known as the <b>Japanese wireweed</b>, is a large brown seaweed of the genus <i>Sargassum</i>. It grows attached to rocks by a perennial holdfast up to 5cm in diameter. From this holdfast the main axis grows to a', NULL),
(135008, 'Lithobates chiricahuensis', 41, 'The <b>Chiricahua leopard frog</b> (<i><b>Lithobates chiricahuensis</b></i> syn. <i>Lithobates chiricahuensis</i>) is a species of frog in the family Ranidae, the true frogs. It is native to Mexico and Arizona and New Mexico in the United States. Its natu', NULL),
(144455, 'Ardea alba', 11251, 'The <b>great egret</b> (<i>Ardea alba</i>), also known as the <b>common egret</b>, <b>large egret</b> or (in the Old World) <b>great white heron</b>, is a large, widely distributed egret, with four subspecies found in Asia, Africa, the Americas, and south', NULL),
(144515, 'Leucophaeus pipixcan', 343, 'The <b>Franklin''s Gull</b> (<i>Leucophaeus pipixcan</i>) is a smallgull.', NULL),
(144814, 'Poecile carolinensis', 3018, 'The <b>Carolina Chickadee</b> <i>(Poecile carolinensis)</i> is a small passerine bird in the tit family Paridae. It is often placed in the genus <i>Parus</i> with most other tits, but mtDNA cytochrome <i>b</i> sequence data and morphology suggest that sep', NULL),
(145235, 'Setophaga magnolia', 708, 'The <b>magnolia warbler</b> (<i>Setophaga magnolia</i>) is a member of the wood warbler family Parulidae.', NULL),
(145238, 'Setophaga petechia', 2562, 'The <b>American Yellow Warbler</b> (<i>Setophaga petechia</i>, formerly <i>Dendroica petechia</i>) is a New World warbler species. <i>Sensu lato</i>, they make up the most widespread species in the diverse <i>Setophaga</i> genus, breeding in almost the wh', NULL),
(145308, 'Spinus psaltria', 3547, 'The <b>Lesser Goldfinch</b> or <b>Dark-backed Goldfinch</b> (<i>Carduelis psaltria</i>) is a very small songbird of the Americas. Together with its relatives the American Goldfinch and Lawrence''s Goldfinch, it forms the American goldfinches clade in the g', NULL),
(145310, 'Spinus tristis', 5682, 'The <b>American Goldfinch</b> (<i>Carduelis tristis</i>), also known as the <b>Eastern Goldfinch</b>, is a small North American bird in the finch family. It is migratory, ranging from mid-Alberta to North Carolina during the breeding season, and from just', NULL),
(146199, 'Lampropeltis californiae', 782, 'The <b>California kingsnake</b> (<i><b>Lampropeltis getula californiae</b></i>) is a nonvenomous colubrid snake endemic to the western United States and northern Mexico. It is a relatively small subspecies of the common kingsnake and is naturally found in', NULL),
(153102, 'Dysphania militaris', 121, '<i><b>Dysphania militaris</b></i> is a species of moth of the Geometridae family that can be found from the Oriental region to Sundaland.', NULL),
(193959, 'Trilocha varians', 89, '<i><b>Trilocha varians</b></i> is a moth in the Bombycidae family. It is widespread in the Oriental Region, extending to Taiwan, the Philippines, Sulawesi and Java.', NULL),
(194090, 'Mecistops cataphractus', 11, 'The <b>African slender-snouted crocodile</b> (<i><b>Mecistops cataphractus</b></i>) is a species of crocodile. Recent studies in DNA and morphology suggest that it may belong in its own genus, <i>Mecistops</i>.', NULL),
(196580, 'Ischyja', 68, '<i><b>Ischyja</b></i> is a genus of moths of the Noctuidae family.', NULL),
(199840, 'Haemorhous mexicanus', 9644, 'The <b>House Finch</b> (<i>Haemorhous mexicanus</i>) is a bird in the finch family Fringillidae, which is found in North America. This species and the other "American rosefinches" are placed in the genus <i>Haemorhous</i> by the American Ornithologists'' U', NULL),
(204669, 'Nothomiza flavicosta', 39, '<i><b>Nothomiza flavicosta</b></i> is a moth of the Geometridae family. It is found in Taiwan.', NULL),
(210607, 'Diastictis fracturalis', 149, '<i><b>Diastictis fracturalis</b></i>, the <b>Fractured Western Snout Moth</b>, is a moth in the Crambidae family. It was described by Zeller in 1872. It is found in North America, where it has been recorded from California to South Dakota, Colorado and Lo', NULL),
(211194, 'Tracheophyta', 1619346, '<b>Vascular plants</b> (from Latin <i>vasculum</i>: duct), also known as <b>tracheophytes</b> (from the equivalent Greek term <i>trachea</i>) and also <b>higher plants</b>, form a large group of plants that are defined as those land plants that have ligni', NULL),
(220383, 'Givira anna', 14, '<i><b>Givira anna</b></i>, the <b>anna carpenterworm moth</b>, is a moth in the Cossidae family. It is found in North America, where it has been recorded from Alabama, Arkansas, Florida, Georgia, Indiana, Kansas, Kentucky, Louisiana, Maryland, Mississippi', NULL),
(227082, 'Parapoynx allionealis', 69, '<i><b>Parapoynx allionealis</b></i>, the <b>Watermilfoil Leafcutter Moth</b>, is a moth in the Crambidae family. It was described by Walker in 1859. It is found in North America, where it has been recorded from Alabama, Florida, Georgia, Indiana, Louisian', NULL),
(227514, 'Pero morrisonaria', 96, '<b>Morrison''s Pero</b> (<i>Pero morrisonaria</i>) is a moth of the Geometridae family. It is found from Newfoundland to British Columbia, and coast to coast in northern United States, south in the east to South Carolina, south in the west to California.', NULL),
(318907, 'Warnockia scutellarioides', 58, '<i><b>Warnockia</b></i> is a genus from the family Lamiaceae, first described in 1996. It contains only one known species, <i><b>Warnockia scutellarioides</b></i>, the <b>prairie brazosmint</b>, native to the south-central United States (Texas and Oklahom', NULL),
(326296, 'Bufo bufo', 1237, 'The <b>common toad</b>, <b>European toad</b> or in Anglophone parts of Europe, simply the <b>toad</b> (<i>Bufo bufo</i>, from Latin <i>bufo</i> "toad"), is an amphibian found throughout most of Europe (with the exception of Ireland, Iceland, and some Medi', NULL),
(332646, 'Elophila gyralis', 94, '<i><b>Elophila gyralis</b></i>, the <b>Waterlily Borer Moth</b>, is a moth in the Crambidae family. It was described by Hulst in 1886. It is found in eastern North America, where it has been recorded from Alabama, Florida, Georgia, Illinois, Indiana, Iowa', NULL),
(333705, 'Pantherophis obsoletus lindheimeri', 385, 'The <b>western rat snake</b> (<i>Pantherophis obsoletus</i>), also commonly known as the <b>Texas ratsnake</b>,<b>black rat snake</b>, <b>pilot black snake</b>, or simply <b>black snake</b>, is a nonvenomous colubrid species found in North America. No sub', NULL),
(415099, 'Neomarica northiana', 10, '<b>Neomarica northiana</b>, also known as the <b>Walking iris</b> is a flowering plant, native to Brazil, with rhizomatous rootstock of the small genus of Neomarica, related to the large Iris family....', NULL),
(487757, 'Achillea erba-rotta', 7, '<i><b>Achillea erba-rotta</b></i>, common name <b>Simple Leaved Milfoil</b>, is a perennial flowering plant of the genus <i>Achillea</i>, belonging to the sunflower family.', NULL),
(490354, 'Niphograpta albiguttalis', 15, '<i><b>Niphograpta</b></i> is a genus of moths of the Crambidae family. It contains only one species, the <b>waterhyacinth moth</b> (<i>Niphograpta albiguttalis</i>). It is native to the Amazon basin, but has been introduced in North America (where it is f', NULL),
(491816, 'Leptosteges parthenialis', 1, '<i><b>Leptosteges parthenialis</b></i> is a moth in the Crambidae family. It was described by Dyar in 1917. It is found in North America, where it has been recorded from Florida, Louisiana and Oklahoma.', NULL),
(506118, 'Aphelocoma californica', 2801, 'The <b>California scrub jay</b> (<i>Aphelocoma californica</i>), is a species of scrub jay native to western North America. It ranges from southern British Columbia throughout California west of the Sierra Nevada. The California scrub jay was once lumped ', NULL),
(515419, 'Lampropeltis triangulum', 458, '<i><b>Lampropeltis triangulum</b></i>, commonly known as a <b>milk snake</b> or <b>milksnake</b>, (French: <i>Couleuvre tachete</i>; Spanish: <i>Culebra-real coralillo</i>) is a species of king snake. There are 24 subspecies of milk snakes. <i>Lampropelt', NULL),
(543559, 'Delphinium pavonaceum', 1, '<i><b>Delphinium pavonaceum</b></i> (syn. <i>Delphinium</i>  <i>pavonaceum</i>) is a species of flowering plant in the buttercup family known by the common name <b>peacock larkspur</b>. It is endemic to Oregon in the United States, where it is limited to', NULL);

-- --------------------------------------------------------

--
-- Struttura della tabella `users`
--

CREATE TABLE `users` (
  `email` varchar(255) NOT NULL,
  `password` varchar(64) NOT NULL
) ENGINE=InnoDB DEFAULT CHARSET=latin1;

--
-- Dump dei dati per la tabella `users`
--

INSERT INTO `users` (`email`, `password`) VALUES
('prova@prova.com', '6258a5e0eb772911d4f92be5b5db0e14511edbe01d1d0ddd1d5a2cb9db9a56ba');

--
-- Indici per le tabelle scaricate
--

--
-- Indici per le tabelle `details`
--
ALTER TABLE `details`
  ADD PRIMARY KEY (`idDetail`);

--
-- Indici per le tabelle `guessedspecies`
--
ALTER TABLE `guessedspecies`
  ADD PRIMARY KEY (`url`,`email`),
  ADD KEY `email` (`email`),
  ADD KEY `idTaxon` (`idTaxon`);

--
-- Indici per le tabelle `images`
--
ALTER TABLE `images`
  ADD PRIMARY KEY (`url`),
  ADD KEY `idReport` (`idReport`);

--
-- Indici per le tabelle `reports`
--
ALTER TABLE `reports`
  ADD PRIMARY KEY (`idReport`),
  ADD KEY `email` (`email`),
  ADD KEY `idTaxon` (`idTaxon`);

--
-- Indici per le tabelle `taxons`
--
ALTER TABLE `taxons`
  ADD PRIMARY KEY (`idTaxon`);

--
-- Indici per le tabelle `users`
--
ALTER TABLE `users`
  ADD PRIMARY KEY (`email`);

--
-- AUTO_INCREMENT per le tabelle scaricate
--

--
-- AUTO_INCREMENT per la tabella `reports`
--
ALTER TABLE `reports`
  MODIFY `idReport` int(11) NOT NULL AUTO_INCREMENT, AUTO_INCREMENT=6019669;
--
-- Limiti per le tabelle scaricate
--

--
-- Limiti per la tabella `details`
--
ALTER TABLE `details`
  ADD CONSTRAINT `details_ibfk_2` FOREIGN KEY (`idDetail`) REFERENCES `reports` (`idReport`);

--
-- Limiti per la tabella `guessedspecies`
--
ALTER TABLE `guessedspecies`
  ADD CONSTRAINT `guessedspecies_ibfk_1` FOREIGN KEY (`url`) REFERENCES `images` (`url`),
  ADD CONSTRAINT `guessedspecies_ibfk_2` FOREIGN KEY (`email`) REFERENCES `users` (`email`),
  ADD CONSTRAINT `guessedspecies_ibfk_3` FOREIGN KEY (`idTaxon`) REFERENCES `taxons` (`idTaxon`);

--
-- Limiti per la tabella `images`
--
ALTER TABLE `images`
  ADD CONSTRAINT `images_ibfk_1` FOREIGN KEY (`idReport`) REFERENCES `reports` (`idReport`);

--
-- Limiti per la tabella `reports`
--
ALTER TABLE `reports`
  ADD CONSTRAINT `reports_ibfk_1` FOREIGN KEY (`email`) REFERENCES `users` (`email`),
  ADD CONSTRAINT `reports_ibfk_2` FOREIGN KEY (`idTaxon`) REFERENCES `taxons` (`idTaxon`);

/*!40101 SET CHARACTER_SET_CLIENT=@OLD_CHARACTER_SET_CLIENT */;
/*!40101 SET CHARACTER_SET_RESULTS=@OLD_CHARACTER_SET_RESULTS */;
/*!40101 SET COLLATION_CONNECTION=@OLD_COLLATION_CONNECTION */;
